fecha,porcentaje_afectado,AF.1,AF.12,AF.13,AF.14,AF.2,AF.4,AF.5,AF.6,AF.7,AF.8,AF.9,CD.1,CD.10,CD.15,CD.16,CD.17,CD.3,CD.6,CD.9,CE.2,CE.3,CE.4,CE.5,CE.6,CO.1,CO.2,CO.4,CO.5,CO.6,CO.7,CO.8,CO.9,LA.1,LA.3,MV.2,MV.3,MV.4,ON.1,ON.3,ON.4,ON.5,ON.6,ON.7,ON.8,RH.2,RH.3,RH.5,RH.9,RS.1,RS.2,RS.6,TP.1,TR.3,TR.4,TR.6,TR.8,ED.1U,MV.1,ED.1P,ED.2U,ED.5P,RH.1,ED.5B,TR.5,ED.4,RH.6,ED.5U,ON.10,CD.7,AF.17,CD.13,TR.7,TR.1,CE.9,CD.5,ED.2P,ED.1S,TR.9,RS.8,RH.10,ED.2I,LA.2,TR.2,RH.7,ED.1B,AF.15,ON.2,CD.11,CD.4,AF.16,CE.7,CE.10,AF.3,CD.14,ED.3,CD.2,ED.2S,CE.1,CD.12,ED.1I,CD.8,MV.7,ED.5S,ED.5I,ED.2B,CO.10,RH.11,CO.3
2020-01-06,100.000,,,,,,,,,,,,,,,,,,,,,,,,,,,,,,,,,,,,1.000,,,,,,,,,,,,,,,,,,,,,,,,,,,,,,,,,,,,,,,,,,,,,,,,,,,,,,,,,,,,,,,,,,,,,,,,
2020-06-21,100.000,,,,,,1.000,0.300,,,,,,0.300,0.300,,,,0.300,,,,,0.600,,,,,,1.000,,,,,,,,,,,0.600,0.600,0.600,1.000,,,,,,,,,,,,,,,,,,,,,,,,,,,,,,,,,,,,,,,,,,,,,,,,,,,,,,,,,,,,,,,,,
2020-06-22,100.000,,,,,,1.000,0.300,,,,,,0.300,0.300,,,,0.300,,,,,0.600,,,,,,1.000,,,,,,,,,,,0.600,0.600,0.600,1.000,,,,,,,,,,,,,,,,,,,,,,,,,,,,,,,,,,,,,,,,,,,,,,,,,,,,,,,,,,,,,,,,,
2020-06-23,100.000,,,,,,1.000,0.300,,,,,,0.300,0.300,,,,0.300,,,,,0.600,,,,,,1.000,,,,,,,,,,,0.600,0.600,0.600,1.000,,,,,,,,,,,,,,,,,,,,,,,,,,,,,,,,,,,,,,,,,,,,,,,,,,,,,,,,,,,,,,,,,
2020-06-24,100.000,,,,,,1.000,0.300,,,,,,0.300,0.300,,,,0.300,,,,,0.600,,,,,,1.000,,,,,,,,,,,0.600,0.600,0.600,1.000,,,,,,,,,,,,,,,,,,,,,,,,,,,,,,,,,,,,,,,,,,,,,,,,,,,,,,,,,,,,,,,,,
2020-06-25,100.000,,,,,,1.000,0.300,,,,,,0.300,0.300,,,,0.300,,,,,0.600,,,,,,1.000,,,,,,,,,,,0.600,0.600,0.600,1.000,,,,,,,,,,,,,,,,,,,,,,,,,,,,,,,,,,,,,,,,,,,,,,,,,,,,,,,,,,,,,,,,,
2020-06-26,100.000,,,,,,1.000,0.300,,,,,,0.300,0.300,,,,0.300,,,,,0.600,,,,,,1.000,,,,,,,,,,,0.600,0.600,0.600,1.000,,,,,,,,,,,,,,,,,,,,,,,,,,,,,,,,,,,,,,,,,,,,,,,,,,,,,,,,,,,,,,,,,
2020-06-27,100.000,,,,,,1.000,0.300,,,,,,0.300,0.300,,,,0.300,,,,,0.600,,,,,,1.000,,,,,,,,,,,0.600,0.600,0.600,1.000,,,,,,,,,,,,,,,,,,,,,,,,,,,,,,,,,,,,,,,,,,,,,,,,,,,,,,,,,,,,,,,,,
2020-06-28,100.000,,,,,,1.000,0.300,,,,,,0.300,0.300,,,,0.300,,,,,0.600,,,,,,1.000,,,,,,,,,,,0.600,0.600,0.600,1.000,,,,,,,,,,,,,,,,,,,,,,,,,,,,,,,,,,,,,,,,,,,,,,,,,,,,,,,,,,,,,,,,,
2020-06-29,100.000,,,,,,1.000,0.300,,,,,,0.300,0.300,,,,0.300,,,,,0.600,,,,,,1.000,,,,,,,,,,,0.600,0.600,0.600,1.000,,,,,,,,,,,,,,,,,,,,,,,,,,,,,,,,,,,,,,,,,,,,,,,,,,,,,,,,,,,,,,,,,
2020-06-30,100.000,,,,,,1.000,0.300,,,,,,0.300,0.300,,,,0.300,,,,,0.600,,,,,,1.000,,,,,,,,,,,0.600,0.600,0.600,1.000,,,,,,,,,,,,,,,,,,,,,,,,,,,,,,,,,,,,,,,,,,,,,,,,,,,,,,,,,,,,,,,,,
2020-07-01,100.000,,,,,,1.000,0.300,,,,,,0.300,0.300,,,,0.300,,,,,0.600,,,,,,1.000,,,,,,,,,,,0.600,0.600,0.600,1.000,,,,,,,,,,,,,,,,,,,,,,,,,,,,,,,,,,,,,,,,,,,,,,,,,,,,,,,,,,,,,,,,,
2020-07-02,100.000,,,,,,1.000,0.300,,,,,,0.300,0.300,,,,0.300,,,,,0.600,,,,,,1.000,,,,,,,,,,,0.600,0.600,0.600,1.000,,,,,,,,,,,,,,,,,,,,,,,,,,,,,,,,,,,,,,,,,,,,,,,,,,,,,,,,,,,,,,,,,
2020-07-03,100.000,,,,,,1.000,0.300,,,,,,0.300,0.300,,,,0.300,,,,,0.600,,,,,,1.000,,,,,,,,,,,0.600,0.600,0.600,1.000,,,,,,,,,,,,,,,,,,,,,,,,,,,,,,,,,,,,,,,,,,,,,,,,,,,,,,,,,,,,,,,,,
2020-07-04,100.000,,,,,,1.000,0.300,,,,,,0.300,0.300,,,,0.300,,,,,0.600,,,,,,1.000,,,,,,,,,,,0.600,0.600,0.600,1.000,,,,,,,,,,,,,,,,,,,,,,,,,,,,,,,,,,,,,,,,,,,,,,,,,,,,,,,,,,,,,,,,,
2020-07-05,100.000,,,,,,1.000,0.300,,,,,,0.300,0.300,,,,0.300,,,,,0.600,,,,,,1.000,,,,,,,,,,,0.600,0.600,0.600,1.000,,,,,,,,,,,,,,,,,,,,,,,,,,,,,,,,,,,,,,,,,,,,,,,,,,,,,,,,,,,,,,,,,
2020-07-06,100.000,,,,,,1.000,0.300,,,,,,0.300,0.300,,,,0.300,,,,,0.600,,,,,,1.000,,,,,,,,,,,0.600,0.600,0.600,1.000,,,,,,,,,,,,,,,,,,,,,,,,,,,,,,,,,,,,,,,,,,,,,,,,,,,,,,,,,,,,,,,,,
2020-07-07,100.000,,,,,,1.000,0.300,,,,,,0.300,0.300,,,,0.300,,,,,0.600,,,,,,1.000,,,,,,,,,,,0.600,0.600,0.600,,,,,,,,,,,,,,,,,,,,,,,,,,,,,,,,,,,,,,,,,,,,,,,,,,,,,,,,,,,,,,,,,,
2020-07-08,100.000,,,,,,1.000,0.300,,,,,,0.300,0.300,,,,0.300,,,,,0.600,,,,,,1.000,,,,,,,,,,,0.600,0.600,0.600,,,,,,,,,,,,,,,,,,,,,,,,,,,,,,,,,,,,,,,,,,,,,,,,,,,,,,,,,,,,,,,,,,
2020-07-09,100.000,,,,,,1.000,0.300,,,,,,0.300,0.300,,,,0.300,,,,,0.600,,,,,,1.000,,,,,,,,,,,0.600,0.600,0.600,,,,,,,,,,,,,,,,,,,,,,,,,,,,,,,,,,,,,,,,,,,,,,,,,,,,,,,,,,,,,,,,,,
2020-07-10,100.000,,,,,,1.000,0.300,,,,,,0.300,0.300,,,,0.300,,,,,0.600,,,,,,1.000,,,,,,,,,,,0.600,0.600,0.600,,,,,,,,,,,,,,,,,,,,,,,,,,,,,,,,,,,,,,,,,,,,,,,,,,,,,,,,,,,,,,,,,,
2020-07-11,100.000,,,,,,1.000,0.300,,,,,,0.300,0.300,,,,0.300,,,,,0.600,,,,,,1.000,,,,,,,,,,,0.600,0.600,0.600,,,,,,,,,,,,,,,,,,,,,,,,,,,,,,,,,,,,,,,,,,,,,,,,,,,,,,,,,,,,,,,,,,
2020-07-12,100.000,,,,,,1.000,0.300,,,,,,0.300,0.300,,,,0.300,,,,,0.600,,,,,,1.000,,,,,,,,,,,0.600,0.600,0.600,,,,,,,,,,,,,,,,,,,,,,,,,,,,,,,,,,,,,,,,,,,,,,,,,,,,,,,,,,,,,,,,,,
2020-07-13,100.000,,,,,,1.000,0.300,,,,,,0.300,0.300,,,,0.300,,,,,0.600,,,,,,1.000,,,,,,,,,,,0.600,0.600,0.600,,,,,,,,,,,,,,,,,,,,,,,,,,,,,,,,,,,,,,,,,,,,,,,,,,,,,,,,,,,,,,,,,,
2020-07-14,100.000,,,,,,1.000,0.300,,,,,,0.300,0.300,,,,0.300,,,,,0.600,,,,,,1.000,,,,,,,,,,,0.600,0.600,0.600,,,,,,,,,,,,,,,,,,,,,,,,,,,,,,,,,,,,,,,,,,,,,,,,,,,,,,,,,,,,,,,,,,
2020-07-15,100.000,,,,,,1.000,0.300,,,,,,0.300,0.300,,,,0.300,,,,,0.600,,,,,,1.000,,,,,,,,,,,0.600,0.600,0.600,,,,,,,,,,,,,,,,,,,,,,,,,,,,,,,,,,,,,,,,,,,,,,,,,,,,,,,,,,,,,,,,,,
2020-07-16,100.000,,,,,,1.000,0.300,,,,,,0.300,0.300,,,,0.300,,,,,0.600,,,,,,1.000,,,,,,,,,,,0.600,0.600,0.600,,,,,,,,,,,,,,,,,,,,,,,,,,,,,,,,,,,,,,,,,,,,,,,,,,,,,,,,,,,,,,,,,,
2020-07-17,100.000,,,,,,1.000,0.300,,,,,,0.300,0.300,,,,0.300,,,,,0.600,,,,,,1.000,,,,,,,,,,,0.600,0.600,0.600,,,,,,,,,,,,,,,,,,,,,,,,,,,,,,,,,,,,,,,,,,,,,,,,,,,,,,,,,,,,,,,,,,
2020-07-18,100.000,,,,,,1.000,0.300,,,,,,0.300,0.300,,,,0.300,,,,,0.600,,,,,,1.000,,,,,,,,,,,0.600,0.600,0.600,,,,,,,,,,,,,,,,,,,,,,,,,,,,,,,,,,,,,,,,,,,,,,,,,,,,,,,,,,,,,,,,,,
2020-07-19,100.000,,,,,,1.000,0.300,,,,,,0.300,0.300,,,,0.300,,,,,0.600,,,,,,1.000,,,,,,,,,,,0.600,0.600,0.600,,,,,,,,,,,,,,,,,,,,,,,,,,,,,,,,,,,,,,,,,,,,,,,,,,,,,,,,,,,,,,,,,,
2020-07-20,100.000,,,,,,1.000,0.300,,,,,,0.300,0.300,,,,0.300,,,,,0.600,,,,,,1.000,,,,,,,,,,,0.600,0.600,0.600,,,,,,,,,,,,,,,,,,,,,,,,,,,,,,,,,,,,,,,,,,,,,,,,,,,,,,,,,,,,,,,,,,
2020-07-21,100.000,,,,,,1.000,0.300,,,,,,0.300,0.300,,,,0.300,,,,,0.600,,,,,,1.000,,,,,,,,,,,0.600,0.600,0.600,,,,,,,,,,,,,,,,,,,,,,,,,,,,,,,,,,,,,,,,,,,,,,,,,,,,,,,,,,,,,,,,,,
2020-07-22,100.000,,,,,,1.000,0.300,,,,,,0.300,0.300,,,,0.300,,,,,0.600,,,,,,1.000,,,,,,,,,,,0.600,0.600,0.600,,,,,,,,,,,,,,,,,,,,,,,,,,,,,,,,,,,,,,,,,,,,,,,,,,,,,,,,,,,,,,,,,,
2020-07-23,100.000,,,,,,1.000,0.300,,,,,,0.300,0.300,,,,0.300,,,,,0.600,,,,,,1.000,,,,,,,,,,,0.600,0.600,0.600,,,,,,,,,1.000,,,,,,,,,,,,,,,,,,,,,,,,,,,,,,,,,,,,,,,,,,,,,,,,,,,,,,,,,
2020-07-24,100.000,,,,,,1.000,0.300,,,,,,0.300,0.300,,,,0.300,,,,,0.600,,,,,,1.000,,,,,,,,,,,0.600,0.600,0.600,,,,,,,,,1.000,,,,,,,,,,,,,,,,,,,,,,,,,,,,,,,,,,,,,,,,,,,,,,,,,,,,,,,,,
2020-07-25,100.000,,,,,,1.000,0.300,,,,,,0.300,0.300,,,,0.300,,,,,0.600,,,,,,1.000,,,,,,,,,,,0.600,0.600,0.600,,,,,,,,,1.000,,,,,,,,,,,,,,,,,,,,,,,,,,,,,,,,,,,,,,,,,,,,,,,,,,,,,,,,,
2020-07-26,100.000,,,,,,1.000,0.300,,,,,,0.300,0.300,,,,0.300,,,,,0.600,,,,,,1.000,,,,,,,,,,,0.600,0.600,0.600,,,,,,,,,1.000,,,,,,,,,,,,,,,,,,,,,,,,,,,,,,,,,,,,,,,,,,,,,,,,,,,,,,,,,
2020-07-27,100.000,,,,,,1.000,0.300,,,,,,0.300,0.300,,,,0.300,,,,,0.600,,,,,,1.000,,,,,,,,,,,0.600,0.600,0.600,,,,,,,,,1.000,,,,,,,,,,,,,,,,,,,,,,,,,,,,,,,,,,,,,,,,,,,,,,,,,,,,,,,,,
2020-07-28,100.000,,,,,,1.000,0.300,,,,,,0.300,0.300,,,,0.300,,,,,0.600,,,,,,1.000,,,,,,,,,,,0.600,0.600,0.600,,,,,,,,,1.000,,,,,,,,,,,,,,,,,,,,,,,,,,,,,,,,,,,,,,,,,,,,,,,,,,,,,,,,,
2020-07-29,100.000,,,,,,1.000,0.300,,,,,,0.300,0.300,,,,0.300,,,,,0.600,,,,,,1.000,,,,,,,,,,0.300,0.600,0.600,0.600,,0.300,,,,,,,1.000,,,,,,,,,,,,,,,,,,,,,,,,,,,,,,,,,,,,,,,,,,,,,,,,,,,,,,,,,
2020-07-30,100.000,,,,,,1.000,0.300,,,,,,0.300,0.300,,,,0.300,,,,,0.600,,,,,,1.000,,,,,,,,,,0.300,0.600,0.600,0.600,,0.300,,,,,,,1.000,,,,,,,,,,,,,,,,,,,,,,,,,,,,,,,,,,,,,,,,,,,,,,,,,,,,,,,,,
2020-07-31,100.000,,,,,,1.000,0.300,,,,,,0.300,0.300,,,,0.300,,,,,0.600,,,,,,1.000,,,,,,,,,,0.300,0.600,0.600,0.600,,0.300,,,,,,,1.000,,,,,,,,,,,,,,,,,,,,,,,,,,,,,,,,,,,,,,,,,,,,,,,,,,,,,,,,,
2020-08-01,100.000,,,,,,1.000,0.300,,,,,,0.300,0.300,,,,0.300,,,,,0.600,,,,,,1.000,,,,,,,,,,0.300,0.600,0.600,0.600,,0.300,,,,,,,1.000,,,,,,,,,,,,,,,,,,,,,,,,,,,,,,,,,,,,,,,,,,,,,,,,,,,,,,,,,
2020-08-02,100.000,,,,,,1.000,0.300,,,,,,0.300,0.300,,,,0.300,,,,,0.600,,,,,,1.000,,,,,,,,,,0.300,0.600,0.600,0.600,,0.300,,,,,,,1.000,,,,,,,,,,,,,,,,,,,,,,,,,,,,,,,,,,,,,,,,,,,,,,,,,,,,,,,,,
2020-08-03,100.000,,,,,,1.000,0.300,,,,,,0.300,0.300,,,,0.300,,,,,0.600,,,,,,1.000,,,,,,,,,,0.300,0.600,0.600,0.600,,0.300,,,,,,,1.000,,,,,,,,,,,,,,,,,,,,,,,,,,,,,,,,,,,,,,,,,,,,,,,,,,,,,,,,,
2020-08-04,100.000,,,,,,1.000,0.300,,,,,,0.300,0.300,,,,0.300,,,,,0.600,,,,,,1.000,,,,,,,,,,0.300,0.600,0.600,0.600,,0.300,,,,,,,1.000,,,,,,,,,,,,,,,,,,,,,,,,,,,,,,,,,,,,,,,,,,,,,,,,,,,,,,,,,
2020-08-05,100.000,,,,,,1.000,0.300,,,,,,0.300,0.300,,,,0.300,,,,,0.600,,,,,,1.000,,,,,,,,,,0.300,0.600,0.600,0.600,,0.300,,,,,,,1.000,,,,,,,,,,,,,,,,,,,,,,,,,,,,,,,,,,,,,,,,,,,,,,,,,,,,,,,,,
2020-08-06,100.000,,,,,,1.000,0.300,,,,,,0.300,0.300,,,,0.300,,,,,0.600,,,,,,1.000,,,,,,,,,,0.300,0.600,0.600,0.600,,0.300,,,,,,,1.000,,,,,,,,,,,,,,,,,,,,,,,,,,,,,,,,,,,,,,,,,,,,,,,,,,,,,,,,,
2020-08-07,100.000,,,,,,1.000,0.300,,,,,,0.300,0.300,,,,0.300,,,,,0.600,,,,,,1.000,,,,,,,,,,0.300,0.600,0.600,0.600,,0.300,,,,,,,1.000,,,,,,,,,,,,,,,,,,,,,,,,,,,,,,,,,,,,,,,,,,,,,,,,,,,,,,,,,
2020-08-08,100.000,,,,,,1.000,0.300,,,,,,0.300,0.300,,,,0.300,,,,,0.600,,,,,,1.000,,,,,,,,,,0.300,0.600,0.600,0.600,,0.300,,,,,,,1.000,,,,,,,,,,,,,,,,,,,,,,,,,,,,,,,,,,,,,,,,,,,,,,,,,,,,,,,,,
2020-08-09,100.000,,,,,,1.000,0.300,,,,,,0.300,0.300,,,,0.300,,,,,0.600,,,,,,1.000,,,,,,,,,,0.300,0.600,0.600,0.600,,0.300,,,,,,,1.000,,,,,,,,,,,,,,,,,,,,,,,,,,,,,,,,,,,,,,,,,,,,,,,,,,,,,,,,,
2020-08-10,100.000,,,,,,1.000,0.300,,,,,,0.300,0.300,,,,0.300,,,,,0.600,,,,,,1.000,,,,,,,,,,0.300,0.600,0.600,0.600,,0.300,,,,,,,1.000,,,,,,,,,,,,,,,,,,,,,,,,,,,,,,,,,,,,,,,,,,,,,,,,,,,,,,,,,
2020-08-11,100.000,,,,,,1.000,0.300,,,,,,0.300,0.300,,,,0.300,,,,,0.600,,,,,,1.000,,,,,,,,,,0.300,0.600,0.600,0.600,,0.300,,,,,,,1.000,,,,,,,,,,,,,,,,,,,,,,,,,,,,,,,,,,,,,,,,,,,,,,,,,,,,,,,,,
2020-08-12,100.000,,,,,,1.000,0.300,,,,,,0.300,0.300,,,,0.300,,,,,0.600,,,,,,1.000,,,,,,,,,,0.300,0.600,0.600,0.600,,0.300,,,,,,,1.000,,,,,,,,,,,,,,,,,,,,,,,,,,,,,,,,,,,,,,,,,,,,,,,,,,,,,,,,,
2020-08-13,100.000,,,,,,1.000,0.300,,,,,,0.300,0.300,,,,0.300,,,,,0.600,,,,,,1.000,,,,,,,,,,0.300,0.600,0.600,0.600,,0.300,,,,,,,1.000,,,,,,,,,,,,,,,,,,,,,,,,,,,,,,,,,,,,,,,,,,,,,,,,,,,,,,,,,
2020-08-14,100.000,,,,,,1.000,0.300,,,,,,0.300,0.300,,,,0.300,,,,,0.600,,,,,,1.000,,,,,,,,,,0.300,0.600,0.600,0.600,,0.300,,,,,,,1.000,,,,,,,,,,,,,,,,,,,,,,,,,,,,,,,,,,,,,,,,,,,,,,,,,,,,,,,,,
2020-08-15,100.000,,,,,,1.000,0.300,,,,,,0.300,0.300,,,,0.300,,,,,0.600,,,,,,1.000,,,,,,,,,,0.300,0.600,0.600,0.600,,0.300,,,,,,,1.000,,,,,,,,,,,,,,,,,,,,,,,,,,,,,,,,,,,,,,,,,,,,,,,,,,,,,,,,,
2020-08-16,100.000,,,,,,1.000,0.300,,,,,,0.300,0.300,,,,0.300,,,,,0.600,,,,,,1.000,,,,,,,,,,0.300,0.600,0.600,0.600,,0.300,,,,,,,1.000,,,,,,,,,,,,,,,,,,,,,,,,,,,,,,,,,,,,,,,,,,,,,,,,,,,,,,,,,
2020-08-17,100.000,,,,,,1.000,0.300,,,,,,0.300,0.300,,,,0.300,,,,,0.600,,,,,,1.000,,,,,,,,,,0.300,0.600,0.600,0.600,,0.300,,,,,,,1.000,,,,,,,,,,,,,,,,,,,,,,,,,,,,,,,,,,,,,,,,,,,,,,,,,,,,,,,,,
2020-08-18,100.000,,,,,,1.000,0.300,,,,,,0.300,0.300,,,,0.300,,,,,0.600,,,,,,1.000,,,,,,,,,,0.300,0.600,0.600,0.600,,0.300,,,0.300,0.300,0.600,,1.000,,,,,,,,,,,,,,,,,,,,,,,,,,,,,,,,,,,,,,,,,,,,,,,,,,,,,,,,,
2020-08-19,100.000,,,,,,1.000,0.300,,,,,,0.300,0.300,,,,0.300,,,,,0.600,,,,,,1.000,,,,,,,,,,0.300,0.600,0.600,0.600,,0.300,,,0.300,0.300,0.600,,1.000,,,,,,,,,,,,,,,,,,,,,,,,,,,,,,,,,,,,,,,,,,,,,,,,,,,,,,,,,
2020-08-20,100.000,,,,,,1.000,0.300,,,,,,0.300,0.300,,,,0.300,,,,,0.600,,,,,,1.000,,,,,,,,,,0.300,0.600,0.600,0.600,,0.300,,,0.300,0.300,0.600,,1.000,,,,,,,,,,,,,,,,,,,,,,,,,,,,,,,,,,,,,,,,,,,,,,,,,,,,,,,,,
2020-08-21,100.000,,,,,,1.000,0.300,,,,,,0.300,0.300,,,,0.300,,,,,0.600,,,,,,1.000,,,,,,,,,,0.300,0.600,0.600,0.600,,0.300,,,0.300,0.300,0.600,,1.000,,,,,,,,,,,,,,,,,,,,,,,,,,,,,,,,,,,,,,,,,,,,,,,,,,,,,,,,,
2020-08-22,100.000,,,,,,1.000,0.300,,,,,,0.300,0.300,,,,0.300,,,,,0.600,,,,,,1.000,,,,,,,,,,0.300,0.600,0.600,0.600,,0.300,,,0.300,0.300,0.600,,1.000,,,,,,,,,,,,,,,,,,,,,,,,,,,,,,,,,,,,,,,,,,,,,,,,,,,,,,,,,
2020-08-23,100.000,,,,,,1.000,0.300,,,,,,0.300,0.300,,,,0.300,,,,,0.600,,,,,,1.000,,,,,,,,,,0.300,0.600,0.600,0.600,,0.300,,,0.300,0.300,0.600,,1.000,,,,,,,,,,,,,,,,,,,,,,,,,,,,,,,,,,,,,,,,,,,,,,,,,,,,,,,,,
2020-08-24,100.000,,,,,,1.000,0.300,,,,,,0.300,0.300,,,,0.300,,,,,0.600,,,,,,1.000,,,,,,,,,,0.300,0.600,0.600,0.600,,0.300,,,0.300,0.300,0.600,,1.000,,,,,,,,,,,,,,,,,,,,,,,,,,,,,,,,,,,,,,,,,,,,,,,,,,,,,,,,,
2020-08-25,100.000,,,,,,1.000,0.300,,,,,,0.300,0.300,,,,0.300,,,,,0.600,,,,,,1.000,,,,,,,,,,0.300,0.600,0.600,0.600,,0.300,,,0.300,0.300,0.600,,1.000,,,,,,,,,,,,,,,,,,,,,,,,,,,,,,,,,,,,,,,,,,,,,,,,,,,,,,,,,
2020-08-26,100.000,,,,,,1.000,0.300,,,,,,0.300,0.300,,,,0.300,,,,,0.600,,,,,,1.000,,,,,,,,,,0.300,0.600,0.600,0.600,,0.300,,,0.300,0.300,0.600,,1.000,,,,,,,,,,,,,,,,,,,,,,,,,,,,,,,,,,,,,,,,,,,,,,,,,,,,,,,,,
2020-08-27,100.000,,,,,,1.000,0.300,,,,,,0.300,0.300,,,,0.300,,,,,0.600,,,,,,1.000,,,,,,,,,,0.300,0.600,0.600,0.600,,0.300,,,0.300,0.300,0.600,,1.000,,,,,,,,,,,,,,,,,,,,,,,,,,,,,,,,,,,,,,,,,,,,,,,,,,,,,,,,,
2020-08-28,100.000,,,,,,1.000,0.300,,,,,,0.300,0.300,,,,0.300,,,,,0.600,,,,,,1.000,,,,,,,,,,0.300,0.600,0.600,0.600,,0.300,,,0.300,0.300,0.600,,1.000,,,,,,,,,,,,,,,,,,,,,,,,,,,,,,,,,,,,,,,,,,,,,,,,,,,,,,,,,
2020-08-29,100.000,,,,,,1.000,0.300,,,,,,0.300,0.300,,,,0.300,,,,,0.600,,,,,,1.000,,,,,,,,,,0.300,0.600,0.600,0.600,,0.300,,,0.300,0.300,0.600,,1.000,,,,,,,,,,,,,,,,,,,,,,,,,,,,,,,,,,,,,,,,,,,,,,,,,,,,,,,,,
2020-08-30,100.000,,,,,,1.000,0.300,,,,,,0.300,0.300,,,,0.300,,,,,0.600,,,,,,1.000,,,,,,,,,,0.300,0.600,0.600,0.600,,0.300,,,0.300,0.300,0.600,,1.000,,,,,,,,,,,,,,,,,,,,,,,,,,,,,,,,,,,,,,,,,,,,,,,,,,,,,,,,,
2020-08-31,100.000,,,,,,1.000,0.300,,,,,,0.300,0.300,,,,0.300,,,,,0.600,,,,,,1.000,,,,,,,,,,0.300,0.600,0.600,0.600,,0.300,,,0.300,0.300,0.600,,1.000,,,,,,,,,,,,,,,,,,,,,,,,,,,,,,,,,,,,,,,,,,,,,,,,,,,,,,,,,
2020-09-01,100.000,,,,,,1.000,0.300,,,,,,0.300,0.300,,,,0.300,,,,,0.600,,,,,,1.000,,,,,,,,,,0.300,0.600,0.600,0.600,,0.300,,,0.300,0.300,0.600,,1.000,,,,,,,,,,,,,,,,,,,,,,,,,,,,,,,,,,,,,,,,,,,,,,,,,,,,,,,,,
2020-09-02,100.000,,,,,,1.000,0.300,,,,,,0.300,0.300,,,,0.300,,,,,0.600,,,,,,1.000,,,,,,,,,,0.300,0.600,0.600,0.600,,0.300,,,0.300,0.300,0.600,,1.000,,,,,,,,,,,,,,,,,,,,,,,,,,,,,,,,,,,,,,,,,,,,,,,,,,,,,,,,,
2020-09-03,100.000,,,,,,1.000,0.300,,,,,,0.300,0.300,,,,0.300,,,,,0.600,,,,,,1.000,,,,,,,,,,0.300,0.600,0.600,0.600,,0.300,,,0.300,0.300,0.600,,1.000,,,,,,,,,,,,,,,,,,,,,,,,,,,,,,,,,,,,,,,,,,,,,,,,,,,,,,,,,
2020-09-04,100.000,,,,,,1.000,0.300,,,,,,0.300,0.300,,,,0.300,,,,,0.600,,,,,,1.000,,,,,,,,,,0.300,0.600,0.600,0.600,,0.300,,,0.300,0.300,0.600,,1.000,,,,,,,,,,,,,,,,,,,,,,,,,,,,,,,,,,,,,,,,,,,,,,,,,,,,,,,,,
2020-09-05,100.000,,,,,,1.000,0.300,,,,,,0.300,0.300,,,,0.300,,,,,0.600,,,,,,1.000,,,,,,,,,,0.300,0.600,0.600,0.600,,0.300,,,0.300,0.300,0.600,,1.000,,,,,,,,,,,,,,,,,,,,,,,,,,,,,,,,,,,,,,,,,,,,,,,,,,,,,,,,,
2020-09-06,100.000,,,,,,1.000,0.300,,,,,,0.300,0.300,,,,0.300,,,,,0.600,,,,,,1.000,,,,,,,,,,0.300,0.600,0.600,0.600,,0.300,,,0.300,0.300,0.600,,1.000,,,,,,,,,,,,,,,,,,,,,,,,,,,,,,,,,,,,,,,,,,,,,,,,,,,,,,,,,
2020-09-07,100.000,,,,,,1.000,0.300,,,,,,0.300,0.300,,,,0.300,,,,,0.600,,,,,,1.000,,,,,,,,,,0.300,0.600,0.600,0.600,,0.300,,,0.300,0.300,0.600,,1.000,,,,,,,,,,,,,,,,,,,,,,,,,,,,,,,,,,,,,,,,,,,,,,,,,,,,,,,,,
2020-09-08,100.000,,,,,,1.000,0.300,,,,,,0.300,0.300,,,,0.300,,,,,0.600,,,,,,1.000,,,,,,,,,,0.300,0.600,0.600,0.600,,0.300,,,0.300,0.300,0.600,,1.000,,,,,,,,,,,,,,,,,,,,,,,,,,,,,,,,,,,,,,,,,,,,,,,,,,,,,,,,,
2020-09-09,100.000,,,,,,1.000,0.300,,,,,,0.300,0.300,,,,0.300,,,,,0.600,,,,,,1.000,,,,,,,,,,0.300,0.600,0.600,0.600,,0.300,,,0.300,0.300,0.600,,1.000,,,,,,,,,,,,,,,,,,,,,,,,,,,,,,,,,,,,,,,,,,,,,,,,,,,,,,,,,
2020-09-10,100.000,,,,,,1.000,0.300,,,,,,0.300,0.300,,,,0.300,,,,,0.600,,,,,,1.000,,,,,,,,,,0.300,0.600,0.600,0.600,,0.300,,,0.300,0.300,0.600,,1.000,,,,,,,,,,,,,,,,,,,,,,,,,,,,,,,,,,,,,,,,,,,,,,,,,,,,,,,,,
2020-09-11,100.000,,,,,,1.000,0.300,,,,,,0.300,0.300,,,,0.300,,,,,0.600,,,,,,1.000,,,,,,,,,,0.300,0.600,0.600,0.600,,0.300,,,0.300,0.300,0.600,,1.000,,,,,,,,,,,,,,,,,,,,,,,,,,,,,,,,,,,,,,,,,,,,,,,,,,,,,,,,,
2020-09-12,100.000,,,,,,1.000,0.300,,,,,,0.300,0.300,,,,0.300,,,,,0.600,,,,,,1.000,,,,,,,,,,0.300,0.600,0.600,0.600,,0.300,,,0.300,0.300,0.600,,1.000,,,,,,,,,,,,,,,,,,,,,,,,,,,,,,,,,,,,,,,,,,,,,,,,,,,,,,,,,
2020-09-13,100.000,,,,,,1.000,0.300,,,,,,0.300,0.300,,,,0.300,,,,,0.600,,,,,,1.000,,,,,,,,,,0.300,0.600,0.600,0.600,,0.300,,,0.300,0.300,0.600,,1.000,,,,,,,,,,,,,,,,,,,,,,,,,,,,,,,,,,,,,,,,,,,,,,,,,,,,,,,,,
2020-09-14,100.000,,,,,,1.000,0.300,,,,,,0.300,0.300,,,,0.300,,,,,0.600,,,,,,1.000,,,,,,,,,,0.300,0.600,0.600,0.600,,0.300,,,0.300,0.300,0.600,,1.000,,,,,,,,,,,,,,,,,,,,,,,,,,,,,,,,,,,,,,,,,,,,,,,,,,,,,,,,,
2020-09-15,100.000,,,,,,1.000,0.300,,,,,,0.300,0.300,,,,0.300,,,,,0.600,,,,,,1.000,,,,,,,,,,0.300,0.600,0.600,0.600,,0.300,,,0.300,0.300,0.600,,1.000,,,,,,,,,,,,,,,,,,,,,,,,,,,,,,,,,,,,,,,,,,,,,,,,,,,,,,,,,
2020-09-16,100.000,,,,,,1.000,0.300,,,,,,0.300,0.300,,,,0.300,,,,,0.600,,,,,,1.000,,,,,,,,,,0.300,0.600,0.600,0.600,,0.300,,,0.300,0.300,0.600,,1.000,,,,,,,,,,,,,,,,,,,,,,,,,,,,,,,,,,,,,,,,,,,,,,,,,,,,,,,,,
2020-09-17,100.000,,,,,,1.000,0.300,,,,,,0.300,0.300,,,,0.300,,,,,0.600,,,,,,1.000,,,,,,,,,,0.300,0.600,0.600,0.600,,0.300,,,0.300,0.300,0.600,,1.000,,,,,,,,,,,,,,,,,,,,,,,,,,,,,,,,,,,,,,,,,,,,,,,,,,,,,,,,,
2020-09-18,100.000,,,,,,1.000,0.300,,,,,,0.300,0.300,,,,0.300,,,,,0.600,,,,,,1.000,,,,,,,,,,0.300,0.600,0.600,0.600,,0.300,,,0.300,0.300,0.600,,1.000,,,,,,,,,,,,,,,,,,,,,,,,,,,,,,,,,,,,,,,,,,,,,,,,,,,,,,,,,
2020-09-19,100.000,,,,,,1.000,0.300,,,,,,0.300,0.300,,,,0.300,,,,,0.600,,,,,,1.000,,,,,,,,,,0.300,0.600,0.600,0.600,,0.300,,,0.300,0.300,0.600,,1.000,,,,,,,,,,,,,,,,,,,,,,,,,,,,,,,,,,,,,,,,,,,,,,,,,,,,,,,,,
2020-09-20,100.000,,,,,,1.000,0.300,,,,,,0.300,0.300,,,,0.300,,,,,0.600,,,,,,1.000,,,,,,,,,,0.300,0.600,0.600,0.600,,0.300,,,0.300,0.300,0.600,,1.000,,,,,,,,,,,,,,,,,,,,,,,,,,,,,,,,,,,,,,,,,,,,,,,,,,,,,,,,,
2020-09-21,100.000,,,,,,1.000,0.300,,,,,,0.300,0.300,,,,0.300,,,,,0.600,,,,,,1.000,,,,,,,,,,0.300,0.600,0.600,0.600,,0.300,,,0.300,0.300,0.600,,1.000,,,,,,,,,,,,,,,,,,,,,,,,,,,,,,,,,,,,,,,,,,,,,,,,,,,,,,,,,
2020-09-22,100.000,,,,,,1.000,0.300,,,,,,0.300,0.300,,,,0.300,,,,,0.600,,,,,,1.000,,,,,,,,,,0.300,0.600,0.600,0.600,,0.300,,,0.300,0.300,0.600,,1.000,,,,,,,,,,,,,,,,,,,,,,,,,,,,,,,,,,,,,,,,,,,,,,,,,,,,,,,,,
2020-09-23,100.000,,,,,,1.000,0.300,,,,,,0.300,0.300,,,,0.300,,,,,0.600,,,,,,1.000,,,,,,,,,,0.300,0.600,0.600,0.600,,0.300,,,0.300,0.600,0.600,,1.000,,,,,,,,,,,,,,,,,,,,,,,,,,,,,,,,,,,,,,,,,,,,,,,,,,,,,,,,,
2020-09-24,100.000,,,,,,1.000,0.300,,,,,,0.300,0.300,,,,0.300,,,,,0.600,,,,,,1.000,,,,,,,,,,0.300,0.600,0.600,0.600,,0.300,,,0.300,0.600,0.600,,1.000,,,,,,,,,,,,,,,,,,,,,,,,,,,,,,,,,,,,,,,,,,,,,,,,,,,,,,,,,
2020-09-25,100.000,,,,,,1.000,0.300,,,,,,0.300,0.300,,,,0.300,,,,,0.600,,,,,,1.000,,,,,,,,,,0.300,0.600,0.600,0.600,,0.300,,,0.300,0.600,0.600,,1.000,,,,,,,,,,,,,,,,,,,,,,,,,,,,,,,,,,,,,,,,,,,,,,,,,,,,,,,,,
2020-09-26,100.000,,,,,,1.000,0.300,,,,,,0.300,0.300,,,,0.300,,,,,0.600,,,,,,1.000,,,,,,,,,,0.300,0.600,0.600,0.600,,0.300,,,0.300,0.600,0.600,,1.000,,,,,,,,,,,,,,,,,,,,,,,,,,,,,,,,,,,,,,,,,,,,,,,,,,,,,,,,,
2020-09-27,100.000,,,,,,1.000,0.300,,,,,,0.300,0.300,,,,0.300,,,,,0.600,,,,,,1.000,,,,,,,,,,0.300,0.600,0.600,0.600,,0.300,,,0.300,0.600,0.600,,1.000,,,,,,,,,,,,,,,,,,,,,,,,,,,,,,,,,,,,,,,,,,,,,,,,,,,,,,,,,
2020-09-28,100.000,,,,,,1.000,0.300,,,,,,0.300,0.300,,,,0.300,,,,,0.600,,,,,,1.000,,,,,,,,,,0.300,0.600,0.600,0.600,,0.300,,,0.300,0.600,0.600,,1.000,,,,,,,,,,,,,,,,,,,,,,,,,,,,,,,,,,,,,,,,,,,,,,,,,,,,,,,,,
2020-09-29,100.000,,,,,,1.000,0.300,,,,,,0.300,0.300,,,,0.300,,,,,0.600,,,,,,1.000,,,,,,,,,,0.300,0.600,0.600,0.600,,0.300,,,0.300,0.600,0.600,,1.000,,,,,,,,,,,,,,,,,,,,,,,,,,,,,,,,,,,,,,,,,,,,,,,,,,,,,,,,,
2020-09-30,100.000,,,,,,1.000,0.300,,,,,,0.300,0.300,,,,0.300,,,,,0.600,,,,,,1.000,,,,,,,,,,0.300,0.600,0.600,0.600,,0.300,,,0.300,0.600,0.600,,1.000,,,,,,,,,,,,,,,,,,,,,,,,,,,,,,,,,,,,,,,,,,,,,,,,,,,,,,,,,
2020-10-01,100.000,,,,,,1.000,0.300,,,,,,0.300,0.300,,,,0.300,,,,,0.600,,,,,,1.000,,,,,,,,,,0.300,0.600,0.600,0.600,,0.300,,,0.300,0.600,0.600,,1.000,,,,,,,,,,,,,,,,,,,,,,,,,,,,,,,,,,,,,,,,,,,,,,,,,,,,,,,,,
2020-10-02,100.000,,,,,,1.000,0.300,,,,,,0.300,0.300,,,,0.300,,,,,0.600,,,,,,1.000,,,,,,,,,,0.300,0.600,0.600,0.600,,0.300,,,0.300,0.600,0.600,,1.000,,,,,,,,,,,,,,,,,,,,,,,,,,,,,,,,,,,,,,,,,,,,,,,,,,,,,,,,,
2020-10-03,100.000,,,,,,1.000,0.300,,,,,,0.300,0.300,,,,0.300,,,,,0.600,,,,,,1.000,,,,,,,,,,0.300,0.600,0.600,0.600,,0.300,,,0.300,0.600,0.600,,1.000,,,,,,,,,,,,,,,,,,,,,,,,,,,,,,,,,,,,,,,,,,,,,,,,,,,,,,,,,
2020-10-04,100.000,,,,,,1.000,0.300,,,,,,0.300,0.300,,,,0.300,,,,,0.600,,,,,,1.000,,,,,,,,,,0.300,0.600,0.600,0.600,,0.300,,,0.300,0.600,0.600,,1.000,,,,,,,,,,,,,,,,,,,,,,,,,,,,,,,,,,,,,,,,,,,,,,,,,,,,,,,,,
2020-10-05,100.000,,,,,,1.000,0.300,,,,,,0.300,0.300,,,,0.300,,,,,0.600,,,,,,1.000,,,,,,,,,,0.300,0.600,0.600,0.600,,0.300,,,0.300,0.600,0.600,,1.000,,,,,,,,,,,,,,,,,,,,,,,,,,,,,,,,,,,,,,,,,,,,,,,,,,,,,,,,,
2020-10-06,100.000,,,,,,1.000,0.300,,,,,,0.300,0.300,,,,0.300,,,,,0.600,,,,,,1.000,,,,,,,,,,0.300,0.600,0.600,0.600,,0.300,,,0.300,0.600,0.600,,1.000,,,,,,,,,,,,,,,,,,,,,,,,,,,,,,,,,,,,,,,,,,,,,,,,,,,,,,,,,
2020-10-07,100.000,,,,,,1.000,0.300,,,,,,0.300,0.300,,,,0.300,,,,,0.600,,,,,,1.000,,,,,,,,,,0.300,0.600,0.600,0.600,,0.300,,,0.300,0.600,0.600,,1.000,,,,,,,,,,,,,,,,,,,,,,,,,,,,,,,,,,,,,,,,,,,,,,,,,,,,,,,,,
2020-10-08,100.000,,,,,,1.000,0.300,,,,,,0.300,0.300,,,,0.300,,,,,0.600,,,,,,1.000,,,,,,,,,,0.300,0.600,0.600,0.600,,0.300,,,0.300,0.600,0.600,,1.000,,,,,,,,,,,,,,,,,,,,,,,,,,,,,,,,,,,,,,,,,,,,,,,,,,,,,,,,,
2020-10-09,100.000,,,,,,1.000,0.300,0.300,,,,,0.300,0.300,,,,0.300,,,,,0.600,,,,,,1.000,,,,,,,,,,0.300,0.600,0.600,0.600,,0.300,,,0.300,0.600,0.600,,1.000,,,,,,,,,,,,,,,,,,,,,,,,,,,,,,,,,,,,,,,,,,,,,,,,,,,,,,,,,
2020-10-10,100.000,,,,,,1.000,0.300,0.300,,,,,0.300,0.300,,,,0.300,,,,,0.600,,,,,,1.000,,,,,,,,,,0.300,0.600,0.600,0.600,,0.300,,,0.300,0.600,0.600,,1.000,,,,,,,,,,,,,,,,,,,,,,,,,,,,,,,,,,,,,,,,,,,,,,,,,,,,,,,,,
2020-10-11,100.000,,,,,,1.000,0.300,0.300,,,,,0.300,0.300,,,,0.300,,,,,0.600,,,,,,1.000,,,,,,,,,,0.300,0.600,0.600,0.600,,0.300,,,0.300,0.600,0.600,,1.000,,,,,,,,,,,,,,,,,,,,,,,,,,,,,,,,,,,,,,,,,,,,,,,,,,,,,,,,,
2020-10-12,100.000,,,,,,1.000,0.300,0.300,,,,,0.300,0.300,,,,0.300,,,,,0.600,,,,,,1.000,,,,,,,,,,0.300,0.600,0.600,0.600,,0.300,,,0.300,0.600,0.600,,1.000,,,,,,,,,,,,,,,,,,,,,,,,,,,,,,,,,,,,,,,,,,,,,,,,,,,,,,,,,
2020-10-13,100.000,,,,,,1.000,0.300,0.300,,,,,0.300,0.300,,,,0.300,,,,,0.600,,,,,,1.000,,,,,,,,,,0.300,0.600,0.600,0.600,,0.300,,,0.300,0.600,0.600,,1.000,,,,,,,,,,,,,,,,,,,,,,,,,,,,,,,,,,,,,,,,,,,,,,,,,,,,,,,,,
2020-10-14,100.000,,,,,,1.000,0.300,0.300,,,,,0.300,0.300,,,,0.300,,,,,0.600,,,,,,1.000,,,,,,,,,,0.300,0.600,0.600,0.600,,0.300,,,0.300,0.600,0.600,,1.000,,,,,,,,,,,,,,,,,,,,,,,,,,,,,,,,,,,,,,,,,,,,,,,,,,,,,,,,,
2020-10-15,100.000,,0.300,,,,1.000,0.300,0.300,,,,,0.300,0.300,,,,0.300,,,0.300,0.300,0.600,0.600,,,,,1.000,,,0.600,,,0.300,,,,0.300,0.600,0.600,0.600,,0.300,,,0.300,0.600,1.000,,1.000,,0.300,,,,,,,,,,,,,,,,,,,,,,,,,,,,,,,,,,,,,,,,,,,,,,,,,,,,,,,
2020-10-16,100.000,,0.300,,,,1.000,0.300,0.300,,,,,0.300,0.300,,,,0.300,,,0.300,0.300,0.600,0.600,,,,,1.000,,,0.600,,,0.300,,,,0.300,0.600,0.600,0.600,,0.300,,,0.300,0.600,1.000,,1.000,,0.300,,,,,,,,,,,,,,,,,,,,,,,,,,,,,,,,,,,,,,,,,,,,,,,,,,,,,,,
2020-10-17,100.000,,0.300,,,,1.000,0.300,0.300,,,,,0.300,0.300,,,,0.300,,,0.300,0.300,0.600,0.600,,,,,1.000,,,0.600,,,0.300,,,,0.300,0.600,0.600,0.600,,0.300,,,0.300,0.600,1.000,,1.000,,0.300,,,,,,,,,,,,,,,,,,,,,,,,,,,,,,,,,,,,,,,,,,,,,,,,,,,,,,,
2020-10-18,100.000,,0.300,,,,1.000,0.300,0.300,,,,,0.300,0.300,,,,0.300,,,0.300,0.300,0.600,0.600,,,,,1.000,,,0.600,,,0.300,,,,0.300,0.600,0.600,0.600,,0.300,,,0.300,0.600,1.000,,1.000,,0.300,,,,,,,,,,,,,,,,,,,,,,,,,,,,,,,,,,,,,,,,,,,,,,,,,,,,,,,
2020-10-19,100.000,,0.300,,,,1.000,0.300,0.300,,,,,0.300,0.300,,,,0.300,,,0.300,0.300,0.600,0.600,,,,,1.000,,,0.600,,,0.300,,,,0.300,0.600,0.600,0.600,,0.300,,,0.300,0.600,1.000,,1.000,,0.300,,,,,,,,,,,,,,,,,,,,,,,,,,,,,,,,,,,,,,,,,,,,,,,,,,,,,,,
2020-10-20,100.000,,0.300,,,,1.000,0.300,0.300,,,,,0.300,0.300,,,,0.300,,,0.300,0.300,0.600,0.600,,,,,1.000,,,0.600,,,0.300,,,,0.300,0.600,0.600,0.600,,0.300,,,0.300,0.600,1.000,,1.000,,0.300,,,,,,,,,,,,,,,,,,,,,,,,,,,,,,,,,,,,,,,,,,,,,,,,,,,,,,,
2020-10-21,100.000,,0.300,,,,1.000,0.300,0.300,,,,,0.300,0.300,,,,0.300,,,0.300,0.300,0.600,0.600,,,,,1.000,,,0.600,,,0.300,,,,0.300,0.600,0.600,0.600,,0.300,,,0.300,0.600,1.000,,1.000,,0.300,,,,,,,,,,,,,,,,,,,,,,,,,,,,,,,,,,,,,,,,,,,,,,,,,,,,,,,
2020-10-22,100.000,,0.300,,,,1.000,0.300,0.300,,,,,0.300,0.300,,,,0.300,,,0.300,0.300,0.600,0.600,,,,,1.000,,,0.600,,,0.300,,,,0.300,0.600,0.600,0.600,,0.300,,,0.300,0.600,1.000,,1.000,,0.300,,,,,,,,,,,,,,,,,,,,,,,,,,,,,,,,,,,,,,,,,,,,,,,,,,,,,,,
2020-10-23,100.000,,0.300,,,,1.000,0.300,0.300,,,,,0.300,0.300,,,,0.300,,,0.300,0.300,0.600,0.600,,,,,1.000,,,0.600,,,0.300,,,,0.300,0.600,0.600,0.600,,0.300,,,0.300,0.600,1.000,,1.000,,0.300,,,,,,,,,,,,,,,,,,,,,,,,,,,,,,,,,,,,,,,,,,,,,,,,,,,,,,,
2020-10-24,100.000,,0.300,,,,1.000,0.300,0.300,,,,,0.300,0.300,,,,0.300,,,0.300,0.300,0.600,0.600,,,,,1.000,0.300,,0.600,,,0.300,,1.000,,0.300,0.600,0.600,0.600,,0.300,,,0.300,0.600,1.000,1.000,1.000,1.000,0.300,,,,,,,,,,,,,,,,,,,,,,,,,,,,,,,,,,,,,,,,,,,,,,,,,,,,,,,
2020-10-25,100.000,,0.300,,,,1.000,0.300,0.300,,,,,0.300,0.300,,,,0.300,,,0.300,0.300,0.600,0.600,,,,,1.000,0.300,,0.600,,,0.300,,1.000,,0.300,0.600,0.600,0.600,,0.300,,,0.300,0.600,1.000,1.000,1.000,1.000,0.300,,,,,,,,,,,,,,,,,,,,,,,,,,,,,,,,,,,,,,,,,,,,,,,,,,,,,,,
2020-10-26,100.000,,0.300,,,,1.000,0.300,0.300,,,,,0.300,0.300,,,,0.300,,,0.300,0.300,0.600,0.600,,,,,1.000,0.300,,0.600,,,0.300,,1.000,,0.300,0.600,0.600,0.600,,0.300,,,0.300,0.600,1.000,1.000,1.000,1.000,0.300,,,,,,,,,,,,,,,,,,,,,,,,,,,,,,,,,,,,,,,,,,,,,,,,,,,,,,,
2020-10-27,100.000,,0.300,,,,1.000,0.300,0.300,,,,,0.300,0.300,,,,0.300,,,0.300,0.300,0.600,0.600,,,,,1.000,0.300,,0.600,,,0.300,,1.000,,0.300,0.600,0.600,0.600,,0.300,,,0.300,0.600,1.000,1.000,1.000,1.000,0.300,,,,,,,,,,,,,,,,,,,,,,,,,,,,,,,,,,,,,,,,,,,,,,,,,,,,,,,
2020-10-28,100.000,,0.300,,,,1.000,0.300,0.300,,,,,0.300,0.300,,,,0.300,,0.300,0.300,0.300,0.600,0.600,,,,,1.000,0.300,,0.600,,,0.300,1.000,1.000,,0.300,0.600,0.600,0.600,,0.300,,,0.300,0.600,1.000,1.000,1.000,1.000,0.300,,,,,,,,,,,,,,,,,,,,,,,,,,,,,,,,,,,,,,,,,,,,,,,,,,,,,,,
2020-10-29,100.000,,0.300,,,,1.000,0.300,0.300,,,,,0.300,0.300,,,,0.300,,0.300,0.300,0.300,0.600,0.600,,,,,1.000,0.300,,0.600,,,0.300,1.000,1.000,,0.300,0.600,0.600,0.600,,0.300,,,0.300,0.600,1.000,1.000,1.000,1.000,0.300,,,,,,,,,,,,,,,,,,,,,,,,,,,,,,,,,,,,,,,,,,,,,,,,,,,,,,,
2020-10-30,100.000,,0.300,,,,1.000,0.300,0.300,,,,,,0.300,,,,0.300,,0.300,0.300,0.300,0.600,0.600,,,,,1.000,0.300,,0.600,,,0.300,1.000,1.000,,0.300,0.600,0.600,0.600,,0.300,,,0.300,0.600,1.000,1.000,1.000,1.000,0.300,,,,,,,,,,,,,,,,,,,,,,,,,,,,,,,,,,,,,,,,,,,,,,,,,,,,,,,
2020-10-31,100.000,,0.300,,,,1.000,0.300,0.300,,,,,,0.300,,,,0.300,,0.300,0.300,0.300,0.600,0.600,,,,,1.000,0.300,,0.600,,,0.300,1.000,1.000,,0.300,0.600,0.600,0.600,,0.300,,,0.300,0.600,1.000,1.000,1.000,1.000,0.300,,,,,,,,,,,,,,,,,,,,,,,,,,,,,,,,,,,,,,,,,,,,,,,,,,,,,,,
2020-11-01,100.000,,0.300,,,,1.000,0.300,0.300,,,,,,0.300,,,,0.300,,0.300,0.300,0.300,0.600,0.600,,,,,1.000,0.300,,0.600,,,0.300,1.000,1.000,,0.300,0.600,0.600,0.600,,0.300,,,0.300,0.600,1.000,1.000,1.000,1.000,0.300,,,,,,,,,,,,,,,,,,,,,,,,,,,,,,,,,,,,,,,,,,,,,,,,,,,,,,,
2020-11-02,100.000,,0.300,,,,1.000,0.300,0.300,,,,,,0.300,,,,0.300,,0.300,0.300,0.300,0.600,0.600,,,,,1.000,0.300,,0.600,,,0.300,1.000,1.000,,0.300,0.600,0.600,0.600,,0.300,,,0.300,0.600,1.000,1.000,1.000,1.000,0.300,,,,,,,,,,,,,,,,,,,,,,,,,,,,,,,,,,,,,,,,,,,,,,,,,,,,,,,
2020-11-03,100.000,,0.300,,,,1.000,0.300,0.300,,,,,,0.300,,,,0.300,,0.300,0.300,0.300,0.600,0.600,,,,,1.000,0.300,,0.600,,,0.300,1.000,1.000,,0.300,0.600,0.600,0.600,,0.300,,,0.300,0.600,1.000,1.000,1.000,1.000,0.300,,,,,,,,,,,,,,,,,,,,,,,,,,,,,,,,,,,,,,,,,,,,,,,,,,,,,,,
2020-11-04,100.000,1.000,0.300,1.000,,,1.000,0.300,0.300,,1.000,,1.000,,,1.000,1.000,1.000,0.300,,0.300,0.300,0.300,0.600,0.600,1.000,1.000,1.000,,1.000,0.300,,0.600,1.000,,0.300,1.000,1.000,1.000,0.300,0.600,0.600,0.600,1.000,0.300,1.000,,0.300,0.600,1.000,1.000,1.000,1.000,0.300,,1.000,1.000,,,,,,,,,,,,,,,,,,,,,,,,,,,,,,,,,,,,,,,,,,,,,,,,,,,,
2020-11-05,100.000,1.000,0.300,1.000,,,1.000,0.300,0.300,,1.000,,1.000,,,1.000,1.000,1.000,0.300,,0.300,0.300,0.300,0.600,0.600,1.000,1.000,1.000,,1.000,0.300,,0.600,1.000,,0.300,1.000,1.000,1.000,0.300,0.600,0.600,0.600,1.000,0.300,1.000,,0.300,0.600,1.000,1.000,1.000,1.000,0.300,,1.000,1.000,,,,,,,,,,,,,,,,,,,,,,,,,,,,,,,,,,,,,,,,,,,,,,,,,,,,
2020-11-06,100.000,1.000,0.300,1.000,,,1.000,0.300,0.300,,1.000,,1.000,,,1.000,1.000,1.000,0.300,,0.300,0.300,0.300,0.600,0.600,1.000,1.000,1.000,,1.000,0.300,,0.600,1.000,,0.300,1.000,1.000,1.000,0.300,0.600,0.600,0.600,1.000,0.300,1.000,,0.300,0.600,1.000,1.000,1.000,1.000,0.300,,1.000,1.000,,,,,,,,,,,,,,,,,,,,,,,,,,,,,,,,,,,,,,,,,,,,,,,,,,,,
2020-11-07,100.000,1.000,0.300,1.000,,,1.000,0.300,0.300,,1.000,,1.000,,,1.000,1.000,1.000,0.300,,0.300,0.300,0.300,0.600,0.600,1.000,1.000,1.000,,1.000,0.300,,0.600,1.000,,0.300,1.000,1.000,1.000,0.300,0.600,0.600,0.600,1.000,0.300,1.000,,0.300,0.600,1.000,1.000,1.000,1.000,0.300,,1.000,1.000,,,,,,,,,,,,,,,,,,,,,,,,,,,,,,,,,,,,,,,,,,,,,,,,,,,,
2020-11-08,100.000,1.000,0.300,1.000,,,1.000,0.300,0.300,,1.000,,1.000,,,1.000,1.000,1.000,0.300,,0.300,0.300,0.300,0.600,0.600,1.000,1.000,1.000,,1.000,,,0.600,1.000,,0.300,1.000,1.000,1.000,0.300,0.600,0.600,0.600,1.000,0.300,1.000,,0.300,0.600,1.000,,1.000,,,,1.000,1.000,,,,,,,,,,,,,,,,,,,,,,,,,,,,,,,,,,,,,,,,,,,,,,,,,,,,
2020-11-09,100.000,1.000,0.300,1.000,,,1.000,0.300,0.300,,1.000,,1.000,,,1.000,1.000,1.000,0.300,,0.300,0.300,0.300,0.600,0.600,1.000,1.000,1.000,,1.000,,,0.600,1.000,,0.300,1.000,1.000,1.000,0.300,0.600,0.600,0.600,1.000,0.300,1.000,,0.300,0.600,1.000,,1.000,,,,1.000,1.000,,,,,,,,,,,,,,,,,,,,,,,,,,,,,,,,,,,,,,,,,,,,,,,,,,,,
2020-11-10,100.000,1.000,0.300,1.000,,,1.000,0.300,0.300,,1.000,,1.000,,,1.000,1.000,1.000,0.300,,0.300,0.300,0.300,0.600,0.600,1.000,1.000,1.000,,1.000,,,0.600,1.000,,0.300,1.000,1.000,1.000,0.300,0.600,0.600,0.600,1.000,0.300,1.000,,0.300,0.600,1.000,,1.000,,,,1.000,1.000,,,,,,,,,,,,,,,,,,,,,,,,,,,,,,,,,,,,,,,,,,,,,,,,,,,,
2020-11-11,100.000,1.000,0.300,1.000,,,1.000,0.300,0.300,,1.000,,1.000,,,1.000,1.000,1.000,0.300,,0.300,0.300,0.300,0.600,0.600,1.000,1.000,1.000,,1.000,,,0.600,1.000,,0.300,1.000,1.000,1.000,0.300,0.600,0.600,0.600,1.000,0.300,1.000,,0.300,0.600,1.000,,1.000,,,,1.000,1.000,,,,,,,,,,,,,,,,,,,,,,,,,,,,,,,,,,,,,,,,,,,,,,,,,,,,
2020-11-12,100.000,1.000,0.300,1.000,,,1.000,0.300,0.300,,1.000,,1.000,,,1.000,1.000,1.000,0.300,,0.300,0.300,0.300,0.600,0.600,1.000,1.000,1.000,,1.000,,,0.600,1.000,,0.300,1.000,1.000,1.000,0.300,0.600,0.600,0.600,1.000,0.300,1.000,,0.300,0.600,1.000,,1.000,,,,1.000,1.000,,,,,,,,,,,,,,,,,,,,,,,,,,,,,,,,,,,,,,,,,,,,,,,,,,,,
2020-11-13,100.000,1.000,0.300,1.000,,,1.000,0.300,0.300,,1.000,,1.000,,,1.000,1.000,1.000,0.300,,0.300,0.300,0.300,0.600,0.600,1.000,1.000,1.000,,1.000,,,0.600,1.000,,0.300,1.000,1.000,1.000,0.300,0.600,0.600,0.600,1.000,0.300,1.000,,0.300,0.600,1.000,,1.000,,,,1.000,1.000,,,,,,,,,,,,,,,,,,,,,,,,,,,,,,,,,,,,,,,,,,,,,,,,,,,,
2020-11-14,100.000,1.000,0.300,1.000,,,1.000,0.300,0.300,,1.000,,1.000,,,1.000,1.000,1.000,0.300,,0.300,0.300,0.300,0.600,0.600,1.000,1.000,1.000,,1.000,,,0.600,1.000,,0.300,1.000,1.000,1.000,0.300,0.600,0.600,0.600,1.000,0.300,1.000,,0.300,0.600,1.000,,1.000,,,,1.000,1.000,,,,,,,,,,,,,,,,,,,,,,,,,,,,,,,,,,,,,,,,,,,,,,,,,,,,
2020-11-15,100.000,1.000,0.300,1.000,,,1.000,0.300,0.300,,1.000,,1.000,,,1.000,1.000,1.000,0.300,,0.300,0.300,0.300,0.600,0.600,1.000,1.000,1.000,,1.000,,,0.600,1.000,,0.300,1.000,1.000,1.000,0.300,0.600,0.600,0.600,1.000,0.300,1.000,,0.300,0.600,1.000,,1.000,,,,1.000,1.000,,,,,,,,,,,,,,,,,,,,,,,,,,,,,,,,,,,,,,,,,,,,,,,,,,,,
2020-11-16,100.000,1.000,0.300,1.000,,,1.000,0.300,0.300,,1.000,,1.000,,,1.000,1.000,1.000,0.300,,0.300,0.300,0.300,0.600,0.600,1.000,1.000,1.000,,1.000,,,0.600,1.000,,0.300,1.000,1.000,1.000,0.300,0.600,0.600,0.600,1.000,0.300,1.000,,0.300,0.600,1.000,,1.000,,,,1.000,1.000,,,,,,,,,,,,,,,,,,,,,,,,,,,,,,,,,,,,,,,,,,,,,,,,,,,,
2020-11-17,100.000,1.000,0.300,1.000,,,1.000,0.300,0.300,,1.000,,1.000,,,1.000,1.000,1.000,0.300,,0.300,0.300,0.300,0.600,0.600,1.000,1.000,1.000,,1.000,,,0.600,1.000,,0.300,1.000,1.000,1.000,0.300,0.600,0.600,0.600,1.000,0.300,1.000,,0.300,0.600,1.000,,1.000,,,,1.000,1.000,,,,,,,,,,,,,,,,,,,,,,,,,,,,,,,,,,,,,,,,,,,,,,,,,,,,
2020-11-18,100.000,1.000,0.300,1.000,,,1.000,0.300,0.300,,1.000,,1.000,,,1.000,1.000,1.000,0.300,,0.300,0.300,0.300,0.600,0.600,1.000,1.000,1.000,,1.000,,,0.600,1.000,,0.300,1.000,1.000,1.000,0.300,0.600,0.600,0.600,1.000,0.300,1.000,,0.300,0.600,1.000,,1.000,,,,1.000,1.000,,,,,,,,,,,,,,,,,,,,,,,,,,,,,,,,,,,,,,,,,,,,,,,,,,,,
2020-11-19,100.000,1.000,0.300,1.000,,,1.000,0.300,0.300,,1.000,,1.000,,,1.000,1.000,1.000,0.300,,0.300,0.300,0.300,0.600,0.600,1.000,1.000,1.000,,1.000,,,0.600,1.000,,0.300,1.000,1.000,1.000,0.300,0.600,0.600,0.600,1.000,0.300,1.000,,0.300,0.600,1.000,,1.000,,,,1.000,1.000,,,,,,,,,,,,,,,,,,,,,,,,,,,,,,,,,,,,,,,,,,,,,,,,,,,,
2020-11-20,100.000,1.000,0.300,1.000,,,1.000,0.300,0.300,,1.000,,1.000,,,1.000,1.000,1.000,0.300,,0.300,0.300,0.300,0.600,0.600,1.000,1.000,1.000,,1.000,,,0.600,1.000,,0.300,1.000,1.000,1.000,0.300,0.600,0.600,0.600,1.000,0.300,1.000,,0.300,0.600,1.000,,1.000,,,,1.000,1.000,,,,,,,,,,,,,,,,,,,,,,,,,,,,,,,,,,,,,,,,,,,,,,,,,,,,
2020-11-21,100.000,1.000,0.300,1.000,,,1.000,0.300,0.300,,1.000,,1.000,,,1.000,1.000,1.000,0.300,,0.300,0.300,0.300,0.600,0.600,1.000,1.000,1.000,,1.000,,,0.600,1.000,,0.300,1.000,1.000,1.000,0.300,0.600,0.600,0.600,1.000,0.300,1.000,,0.300,0.600,1.000,,1.000,,,,1.000,1.000,,,,,,,,,,,,,,,,,,,,,,,,,,,,,,,,,,,,,,,,,,,,,,,,,,,,
2020-11-22,100.000,1.000,0.300,1.000,,,1.000,0.300,0.300,,1.000,,1.000,,,1.000,1.000,1.000,0.300,,0.300,0.300,0.300,0.600,0.600,1.000,1.000,1.000,,1.000,,,0.600,1.000,,0.300,1.000,1.000,1.000,0.300,0.600,0.600,0.600,1.000,0.300,1.000,,0.300,0.600,1.000,,1.000,,,,1.000,1.000,,,,,,,,,,,,,,,,,,,,,,,,,,,,,,,,,,,,,,,,,,,,,,,,,,,,
2020-11-23,100.000,1.000,0.300,1.000,,,1.000,0.300,0.300,,1.000,,1.000,,,1.000,1.000,1.000,0.300,,0.300,0.300,0.300,0.600,0.600,1.000,1.000,1.000,,1.000,,,0.600,1.000,,0.300,1.000,1.000,1.000,0.300,0.600,0.600,0.600,1.000,0.300,1.000,,0.300,0.600,1.000,,1.000,,,,1.000,1.000,,,,,,,,,,,,,,,,,,,,,,,,,,,,,,,,,,,,,,,,,,,,,,,,,,,,
2020-11-24,100.000,1.000,0.300,1.000,,,1.000,0.300,0.300,,1.000,,1.000,,,1.000,1.000,1.000,0.300,,0.300,0.300,0.300,0.600,0.600,1.000,1.000,1.000,,1.000,,,0.600,1.000,,0.300,1.000,1.000,1.000,0.300,0.600,0.600,0.600,1.000,0.300,1.000,,0.300,0.600,1.000,,1.000,,,,1.000,1.000,,,,,,,,,,,,,,,,,,,,,,,,,,,,,,,,,,,,,,,,,,,,,,,,,,,,
2020-11-25,100.000,1.000,0.300,1.000,,,1.000,0.300,0.300,,1.000,,1.000,,,1.000,1.000,1.000,0.300,,0.300,0.300,0.300,0.600,0.600,1.000,1.000,1.000,,1.000,,,0.600,1.000,,0.300,1.000,1.000,1.000,0.300,0.600,0.600,0.600,1.000,0.300,1.000,,0.300,0.600,1.000,,1.000,,,,1.000,1.000,,,,,,,,,,,,,,,,,,,,,,,,,,,,,,,,,,,,,,,,,,,,,,,,,,,,
2020-11-26,100.000,1.000,0.300,1.000,,,1.000,0.300,0.300,,1.000,,1.000,,,1.000,1.000,1.000,0.300,,0.300,0.300,0.300,0.600,0.600,1.000,1.000,1.000,,1.000,,,0.600,1.000,,0.300,1.000,1.000,1.000,0.300,0.600,0.600,0.600,1.000,0.300,1.000,,0.300,0.600,1.000,,1.000,,,,1.000,1.000,,,,,,,,,,,,,,,,,,,,,,,,,,,,,,,,,,,,,,,,,,,,,,,,,,,,
2020-11-27,100.000,1.000,0.300,1.000,,,1.000,0.300,0.300,,1.000,,1.000,,,1.000,1.000,1.000,0.300,,0.300,0.300,0.300,0.600,0.600,1.000,1.000,1.000,,1.000,,,0.600,1.000,,0.300,1.000,1.000,1.000,0.300,0.600,0.600,0.600,1.000,0.300,1.000,,0.300,0.600,1.000,,1.000,,,,1.000,1.000,,,,,,,,,,,,,,,,,,,,,,,,,,,,,,,,,,,,,,,,,,,,,,,,,,,,
2020-11-28,100.000,1.000,0.300,1.000,,,1.000,0.300,0.300,,1.000,,1.000,,,1.000,1.000,1.000,0.300,,0.300,0.300,0.300,0.600,0.600,1.000,1.000,1.000,,1.000,,,0.600,1.000,,0.300,1.000,1.000,1.000,0.300,0.600,0.600,0.600,1.000,0.300,1.000,,0.300,0.600,1.000,,1.000,,,,1.000,1.000,,,,,,,,,,,,,,,,,,,,,,,,,,,,,,,,,,,,,,,,,,,,,,,,,,,,
2020-11-29,100.000,1.000,,1.000,,,1.000,,0.300,,1.000,,1.000,,,1.000,1.000,1.000,0.300,,0.300,,,,,1.000,1.000,1.000,,1.000,,,,1.000,,,1.000,1.000,1.000,0.300,0.600,0.600,0.600,1.000,0.300,1.000,,0.300,0.600,0.600,,1.000,,,,1.000,1.000,,,,,,,,,,,,,,,,,,,,,,,,,,,,,,,,,,,,,,,,,,,,,,,,,,,,
2020-11-30,100.000,1.000,,1.000,,,1.000,,0.300,,1.000,,1.000,,,1.000,1.000,1.000,0.300,,0.300,,,,,1.000,1.000,1.000,,1.000,,,,1.000,,,1.000,1.000,1.000,0.300,0.600,0.600,0.600,1.000,0.300,1.000,,0.300,0.600,0.600,,1.000,,,,1.000,1.000,,,,,,,,,,,,,,,,,,,,,,,,,,,,,,,,,,,,,,,,,,,,,,,,,,,,
2020-12-01,100.000,1.000,,1.000,,,1.000,,0.300,,1.000,,1.000,,,1.000,1.000,1.000,0.300,,0.300,,,,,1.000,1.000,1.000,,1.000,,,,1.000,,,1.000,1.000,1.000,0.300,0.600,0.600,0.600,1.000,0.300,1.000,,0.300,0.600,0.600,,1.000,,,,1.000,1.000,,,,,,,,,,,,,,,,,,,,,,,,,,,,,,,,,,,,,,,,,,,,,,,,,,,,
2020-12-02,100.000,1.000,,1.000,,,1.000,,0.300,,1.000,,1.000,,,1.000,1.000,1.000,0.300,,0.300,,,,,1.000,1.000,1.000,,1.000,,,,1.000,,,1.000,1.000,1.000,0.300,0.600,0.600,0.600,1.000,0.300,1.000,,0.300,0.600,0.600,,1.000,,,,1.000,1.000,,,,,,,,,,,,,,,,,,,,,,,,,,,,,,,,,,,,,,,,,,,,,,,,,,,,
2020-12-03,100.000,1.000,,1.000,,,1.000,,0.300,,1.000,,1.000,,,1.000,1.000,1.000,0.300,,0.300,,,,,1.000,1.000,1.000,,1.000,,,,1.000,,,1.000,1.000,1.000,0.300,0.600,0.600,0.600,1.000,0.300,1.000,,0.300,0.600,0.600,,1.000,,,,1.000,1.000,,,,,,,,,,,,,,,,,,,,,,,,,,,,,,,,,,,,,,,,,,,,,,,,,,,,
2020-12-04,100.000,,,1.000,1.000,,,0.600,0.300,,,,,,,,,,0.300,,0.300,,,,,,1.000,1.000,,,,,,,,,,1.000,,0.300,0.600,0.600,0.600,,0.300,,,0.300,0.600,0.600,,1.000,,,,,1.000,,,,,,,,,,,,,,,,,,,,,,,,,,,,,,,,,,,,,,,,,,,,,,,,,,,,
2020-12-05,100.000,,,1.000,1.000,,,0.600,0.300,,,,,,,,,,0.300,,0.300,,,,,,1.000,1.000,,,,,,,,,,1.000,,0.300,0.600,0.600,0.600,,0.300,,,0.300,0.600,0.600,,1.000,,,,,1.000,,,,,,,,,,,,,,,,,,,,,,,,,,,,,,,,,,,,,,,,,,,,,,,,,,,,
2020-12-06,100.000,,,1.000,1.000,,,0.600,0.300,,,,,,,,,,0.300,,0.300,,,,,,1.000,1.000,,,,,,,,,,1.000,,0.300,0.600,0.600,0.600,,0.300,,,0.300,0.600,0.600,,1.000,,,,,1.000,,,,,,,,,,,,,,,,,,,,,,,,,,,,,,,,,,,,,,,,,,,,,,,,,,,,
2020-12-07,100.000,,,1.000,1.000,,,0.600,0.300,,,,,,,,,,0.300,,0.300,,,,,,1.000,1.000,,,,,,,,,,1.000,,0.300,0.600,0.600,0.600,,0.300,,,0.300,0.600,0.600,,1.000,,,,,1.000,,,,,,,,,,,,,,,,,,,,,,,,,,,,,,,,,,,,,,,,,,,,,,,,,,,,
2020-12-08,100.000,,,1.000,1.000,,,0.600,0.300,,,,,,,,,,0.300,,0.300,,,,,,1.000,1.000,,,,,,,,,,1.000,,0.300,0.600,0.600,0.600,,0.300,,,0.300,0.600,0.600,,1.000,,,,,1.000,,,,,,,,,,,,,,,,,,,,,,,,,,,,,,,,,,,,,,,,,,,,,,,,,,,,
2020-12-09,100.000,,,1.000,1.000,,,0.600,0.300,,,,,,,,,,0.300,,0.300,,,,,,1.000,1.000,,,,,,,,,,1.000,,0.300,0.600,0.600,0.600,,0.300,,,0.300,0.600,0.600,,1.000,,,,,1.000,,,,,,,,,,,,,,,,,,,,,,,,,,,,,,,,,,,,,,,,,,,,,,,,,,,,
2020-12-10,100.000,,,1.000,1.000,,,0.600,0.300,,,,,,,,,,,,0.300,,,,,,1.000,1.000,,,,,,,,,,1.000,,0.300,0.600,0.600,0.600,,0.300,,,0.300,,0.600,,1.000,,,,,1.000,,,,,,,,,,,,,,,,,,,,,,,,,,,,,,,,,,,,,,,,,,,,,,,,,,,,
2020-12-11,100.000,,,1.000,1.000,,,0.600,0.300,,,,,,,,,,,,0.300,,,,,,1.000,1.000,,,,,,,,,,1.000,,0.300,0.600,0.600,0.600,,0.300,,,0.300,,0.600,,1.000,,,,,1.000,,,,,,,,,,,,,,,,,,,,,,,,,,,,,,,,,,,,,,,,,,,,,,,,,,,,
2020-12-12,100.000,,,1.000,1.000,,,0.600,0.300,,,,,,,,,,,,0.300,,,,,,1.000,1.000,,,,,,,,,,1.000,,0.300,0.600,0.600,0.600,,0.300,,,0.300,,0.600,,1.000,,,,,1.000,,,,,,,,,,,,,,,,,,,,,,,,,,,,,,,,,,,,,,,,,,,,,,,,,,,,
2020-12-13,100.000,,,1.000,1.000,,,0.600,0.300,,,,,,,,,,,,0.300,,,,,,1.000,1.000,,,,,,,,,,1.000,,0.300,0.600,0.600,0.600,,0.300,,,0.300,,0.600,,1.000,,,,,1.000,,,,,,,,,,,,,,,,,,,,,,,,,,,,,,,,,,,,,,,,,,,,,,,,,,,,
2020-12-14,100.000,,,1.000,1.000,,,0.600,0.300,0.300,,,,0.300,,,,,0.300,0.300,0.300,,,,,,,1.000,1.000,,,0.600,,,,,,1.000,,0.300,0.600,0.600,0.600,,0.300,,,0.300,0.600,0.600,,1.000,,,,,1.000,,,,,,,,,,,,,,,,,,,,,,,,,,,,,,,,,,,,,,,,,,,,,,,,,,,,
2020-12-15,100.000,,,1.000,1.000,,,0.600,0.300,0.300,,,,0.300,,,,,0.300,0.300,0.300,,,,,,,1.000,1.000,,,0.600,,,,,,1.000,,0.300,0.600,0.600,0.600,,0.300,,,0.300,0.600,0.600,,1.000,,,,,1.000,,,,,,,,,,,,,,,,,,,,,,,,,,,,,,,,,,,,,,,,,,,,,,,,,,,,
2020-12-16,100.000,,,1.000,1.000,,,0.600,0.300,0.300,,,,0.300,,,,,0.300,0.300,0.300,,,,,,,1.000,1.000,,,0.600,,,,,,1.000,,0.300,0.600,0.600,0.600,,0.300,,,0.300,0.600,0.600,,1.000,,,,,1.000,,,,,,,,,,,,,,,,,,,,,,,,,,,,,,,,,,,,,,,,,,,,,,,,,,,,
2020-12-17,100.000,,,1.000,1.000,,,0.600,0.300,0.300,,,,0.300,,,,,0.300,0.300,0.300,,,,,,,1.000,1.000,,,0.600,,,,,,1.000,,0.300,0.600,0.600,0.600,,0.300,,,0.300,0.600,0.600,,1.000,,,,,1.000,,,,,,,,,,,,,,,,,,,,,,,,,,,,,,,,,,,,,,,,,,,,,,,,,,,,
2020-12-18,100.000,,,1.000,1.000,,,0.600,0.300,0.300,,,,0.300,,,1.000,,0.300,0.300,0.300,,,,,,,1.000,1.000,,,0.600,,1.000,,,,1.000,,0.300,0.600,0.600,0.600,1.000,0.300,,,0.300,0.600,0.600,,1.000,,,,,1.000,,,,,,,,,,,,,,,,,,,,,,,,,,,,,,,,,,,,,,,,,,,,,,,,,,,,
2020-12-19,100.000,,,1.000,1.000,,,0.600,0.300,0.300,,,,0.300,,1.000,1.000,,0.300,0.300,0.300,,,,,,,1.000,1.000,,,0.600,,1.000,,,,1.000,,0.300,0.600,0.600,0.600,1.000,0.300,,,0.300,0.600,0.600,,1.000,,,,,1.000,,,,,,,,,,,,,,,,,,,,,,,,,,,,,,,,,,,,,,,,,,,,,,,,,,,,
2020-12-20,100.000,,,1.000,1.000,,,0.600,0.300,0.300,,,,0.300,,1.000,1.000,,0.300,0.300,0.300,,,,,,,1.000,1.000,,,0.600,,1.000,,,,1.000,,0.300,0.600,0.600,0.600,1.000,0.300,,,0.300,0.600,0.600,,1.000,,,,,1.000,,,,,,,,,,,,,,,,,,,,,,,,,,,,,,,,,,,,,,,,,,,,,,,,,,,,
2020-12-21,100.000,,,1.000,1.000,,,0.600,0.300,0.300,,,,0.300,,1.000,1.000,,0.300,0.300,0.300,,,,,,,1.000,1.000,,,0.600,,1.000,,,,1.000,,0.300,0.600,0.600,0.600,1.000,0.300,,,0.300,0.600,0.600,,1.000,,,,,1.000,,,,,,,,,,,,,,,,,,,,,,,,,,,,,,,,,,,,,,,,,,,,,,,,,,,,
2020-12-22,100.000,,,1.000,1.000,,,0.600,0.300,0.300,,,,0.300,,1.000,1.000,,0.300,0.300,0.300,,,,,,,1.000,1.000,,,0.600,,1.000,,,,1.000,,0.300,0.600,0.600,0.600,1.000,0.300,,,0.300,0.600,0.600,,1.000,,,,,1.000,,,,,,,,,,,,,,,,,,,,,,,,,,,,,,,,,,,,,,,,,,,,,,,,,,,,
2020-12-23,100.000,,,1.000,1.000,,,0.600,0.300,0.300,,,,0.300,,1.000,1.000,,0.300,0.300,0.300,,,,,,,1.000,1.000,,,0.600,,1.000,,,,1.000,,0.300,0.600,0.600,0.600,1.000,0.300,,,0.300,0.600,0.600,,1.000,,,,,1.000,,,,,,,,,,,,,,,,,,,,,,,,,,,,,,,,,,,,,,,,,,,,,,,,,,,,
2020-12-24,100.000,,,1.000,1.000,,,0.600,0.300,0.300,,,,,,1.000,1.000,,,0.300,0.300,,,,,,,,1.000,,,0.600,,1.000,,,1.000,1.000,,0.300,0.600,0.600,0.600,1.000,0.300,,,0.300,0.600,1.000,,1.000,,,,,1.000,,,,,,,,,,,,,,,,,,,,,,,,,,,,,,,,,,,,,,,,,,,,,,,,,,,,
2020-12-25,100.000,,,1.000,1.000,,,0.600,0.300,0.300,,,,,,1.000,1.000,,,0.300,0.300,,,,,,,,1.000,,,0.600,,1.000,,,1.000,1.000,,0.300,0.600,0.600,0.600,1.000,0.300,,,0.300,0.600,1.000,,1.000,,,,,1.000,,,,,,,,,,,,,,,,,,,,,,,,,,,,,,,,,,,,,,,,,,,,,,,,,,,,
2020-12-26,100.000,,,1.000,1.000,,,0.600,0.300,0.300,,,,,,1.000,1.000,,,0.300,0.300,,,,,,,,1.000,,,0.600,,1.000,,,,1.000,,0.300,0.600,0.600,0.600,1.000,0.300,,,0.300,0.600,0.600,,1.000,,,,,1.000,,,,,,,,,,,,,,,,,,,,,,,,,,,,,,,,,,,,,,,,,,,,,,,,,,,,
2020-12-27,100.000,,,1.000,1.000,,,0.600,0.300,0.300,,,,,,1.000,1.000,,,0.300,0.300,,,,,,,,1.000,,,0.600,,1.000,,,,1.000,,0.300,0.600,0.600,0.600,1.000,0.300,,,0.300,0.600,0.600,,1.000,,,,,1.000,,,,,,,,,,,,,,,,,,,,,,,,,,,,,,,,,,,,,,,,,,,,,,,,,,,,
2020-12-28,100.000,,,1.000,1.000,,,0.600,0.300,0.300,,,,,,1.000,1.000,,,0.300,0.300,,,,,,,,1.000,,,0.600,,1.000,,,,1.000,,0.300,0.600,0.600,0.600,1.000,0.300,,,0.300,0.600,0.600,,1.000,,,,,1.000,,,,,,,,,,,,,,,,,,,,,,,,,,,,,,,,,,,,,,,,,,,,,,,,,,,,
2020-12-29,100.000,,,1.000,1.000,,,0.600,,0.300,,,,,,1.000,1.000,,,0.300,0.300,,,,,,,,1.000,,,0.600,,1.000,,,,1.000,,0.300,0.600,0.600,0.600,1.000,0.300,,,0.300,0.600,0.600,,1.000,,,,,1.000,,,,,,,,,,,,,,,,,,,,,,,,,,,,,,,,,,,,,,,,,,,,,,,,,,,,
2020-12-30,100.000,,,1.000,1.000,,,0.600,,0.300,,,,,,1.000,1.000,,,0.300,0.300,,,,,,,,1.000,,,0.600,,1.000,,,,1.000,,0.300,0.600,0.600,0.600,1.000,0.300,,,0.300,0.600,0.600,,1.000,,,,,1.000,,,,,,,,,,,,,,,,,,,,,,,,,,,,,,,,,,,,,,,,,,,,,,,,,,,,
2020-12-31,100.000,,,1.000,1.000,,,0.600,,0.300,,,,,,1.000,1.000,,,0.300,0.300,,,,,,,,1.000,,,0.600,,1.000,,,,1.000,,0.300,0.600,0.600,0.600,1.000,0.300,,,0.300,0.600,1.000,,1.000,,,,,1.000,,,,,,,,,,,,,,,,,,,,,,,,,,,,,,,,,,,,,,,,,,,,,,,,,,,,
2021-01-01,100.000,,,1.000,1.000,,,0.600,,0.300,,,,,,1.000,1.000,,,0.300,0.300,,,,,,,,1.000,,,0.600,,1.000,,,1.000,1.000,,0.300,0.600,0.600,0.600,1.000,0.300,,,0.300,0.600,1.000,,1.000,,,,,1.000,,,,,,,,,,,,,,,,,,,,,,,,,,,,,,,,,,,,,,,,,,,,,,,,,,,,
2021-01-02,100.000,,,1.000,1.000,,,0.600,,0.300,,,,,,1.000,1.000,,,0.300,0.300,,,,,,,,1.000,,,0.600,,1.000,,,,1.000,,0.300,0.600,0.600,0.600,1.000,0.300,,,0.300,0.600,0.600,,1.000,,,,,1.000,,,,,,,,,,,,,,,,,,,,,,,,,,,,,,,,,,,,,,,,,,,,,,,,,,,,
2021-01-03,100.000,,,1.000,1.000,,,0.600,,0.300,,,,,,1.000,1.000,,,0.300,0.300,,,,,,,,1.000,,,0.600,,1.000,,,,1.000,,0.300,0.600,0.600,0.600,1.000,0.300,,,0.300,0.600,0.600,,1.000,,,,,1.000,,,,,,,,,,,,,,,,,,,,,,,,,,,,,,,,,,,,,,,,,,,,,,,,,,,,
2021-01-04,100.000,,,1.000,1.000,,,0.600,,0.300,,,,,,1.000,1.000,,,0.300,0.300,,,,,,,,1.000,,,0.600,,1.000,,,,1.000,,0.300,0.600,0.600,0.600,1.000,0.300,,,0.300,0.600,0.600,,1.000,,,,,1.000,,,,,,,,,,,,,,,,,,,,,,,,,,,,,,,,,,,,,,,,,,,,,,,,,,,,
2021-01-05,100.000,,,1.000,1.000,,,0.600,,0.300,,,,,,1.000,1.000,,,0.300,0.300,,,,,,,,1.000,,,0.600,,1.000,,,,1.000,,0.300,0.600,0.600,0.600,1.000,0.300,,,0.300,0.600,0.600,,1.000,,,,,1.000,,,,,,,,,,,,,,,,,,,,,,,,,,,,,,,,,,,,,,,,,,,,,,,,,,,,
2021-01-06,100.000,,,1.000,1.000,,,0.600,,0.300,,,,,,1.000,1.000,,,0.300,0.300,,,,,,,,1.000,,,0.600,,1.000,,,,1.000,,0.300,0.600,0.600,0.600,1.000,0.300,,,0.300,0.600,1.000,,1.000,,,,,1.000,,,,,,,,,,,,,,,,,,,,,,,,,,,,,,,,,,,,,,,,,,,,,,,,,,,,
2021-01-07,100.000,,,1.000,1.000,,,0.600,,0.300,,,,,,1.000,1.000,,,0.300,0.300,,,,,,,,1.000,,,0.600,,1.000,,,,1.000,,0.300,0.600,0.600,0.600,1.000,0.300,,,0.300,0.600,0.600,,1.000,,,,,1.000,,,,,,,,,,,,,,,,,,,,,,,,,,,,,,,,,,,,,,,,,,,,,,,,,,,,
2021-01-08,100.000,,,1.000,1.000,,,0.600,,0.300,,,,,,1.000,1.000,,,0.300,0.300,,,,,,,,1.000,,,0.600,,1.000,,,,1.000,,0.300,0.600,0.600,0.600,1.000,0.300,,,0.300,0.600,0.600,,1.000,,,,,1.000,,,,,,,,,,,,,,,,,,,,,,,,,,,,,,,,,,,,,,,,,,,,,,,,,,,,
2021-01-09,100.000,,,1.000,1.000,,,0.600,,0.300,,,,,,1.000,1.000,,,0.300,0.300,,,,,,,,1.000,,,0.600,,1.000,,,,1.000,,0.300,0.600,0.600,0.600,1.000,0.300,,,0.300,0.600,0.600,,1.000,,,,,1.000,,,,,,,,,,,,,,,,,,,,,,,,,,,,,,,,,,,,,,,,,,,,,,,,,,,,
2021-01-10,100.000,,,1.000,1.000,,,0.600,,0.300,,,,,,1.000,1.000,,,0.300,0.300,,,,,,,,1.000,,,0.600,,1.000,,,,1.000,,0.300,0.600,0.600,0.600,1.000,0.300,,,0.300,0.600,0.600,,1.000,,,,,1.000,,,,,,,,,,,,,,,,,,,,,,,,,,,,,,,,,,,,,,,,,,,,,,,,,,,,
2021-01-11,100.000,,,1.000,1.000,,,0.600,,0.300,,,,,,1.000,1.000,,,0.300,0.300,,,,,,,,1.000,,,0.600,,1.000,,,,1.000,,0.300,0.600,0.600,0.600,1.000,0.300,,,0.300,0.600,0.600,,1.000,,,,,1.000,,,,,,,,,,,,,,,,,,,,,,,,,,,,,,,,,,,,,,,,,,,,,,,,,,,,
2021-01-12,100.000,,,,,,,,,,,,,,,,,,,,0.300,,,,,,,,,,,,,,,0.300,,1.000,,0.300,0.600,0.600,0.600,1.000,0.300,,,0.300,,0.600,,1.000,,,,,,,,,,,,,,,,,,,,,,,,,,,,,,,,,,,,,,,,,,,,,,,,,,,,,,,,,
2021-01-13,100.000,,,,,,,,,,,,,,,,,,,,0.300,,,,,,,,,,,,,,,0.300,,1.000,,0.300,0.600,0.600,0.600,1.000,0.300,,,0.300,,0.600,,1.000,,,,,,,,,,,,,,,,,,,,,,,,,,,,,,,,,,,,,,,,,,,,,,,,,,,,,,,,,
2021-01-14,100.000,,,,,,,,,,,,,,,,,,,,0.300,,,,,,,,,,0.300,,,,,0.300,,1.000,,0.300,0.600,0.600,0.600,1.000,0.300,,,0.300,,0.600,,1.000,,,,,,,,,,,,,,,,,,,,,,,,,,,,,,,,,,,,,,,,,,,,,,,,,,,,,,,,,
2021-01-15,100.000,,,,,,,,,,,,,,,,,,,,0.300,,,,,,,,,,0.300,,,,,0.300,,1.000,,0.300,0.600,0.600,0.600,1.000,0.300,,,0.300,,0.600,,1.000,,,,,,,,,,,,,,,,,,,,,,,,,,,,,,,,,,,,,,,,,,,,,,,,,,,,,,,,,
2021-01-16,100.000,,,,,,,,,,,,,,,,,,,,0.300,,,,,,,,,,0.300,,,,,0.300,,1.000,,0.300,0.600,0.600,0.600,1.000,0.300,,,0.300,,0.600,,1.000,,,,,,,,,,,,,,,,,,,,,,,,,,,,,,,,,,,,,,,,,,,,,,,,,,,,,,,,,
2021-01-17,100.000,,,,,,,,,,,,,,,,,,,,0.300,,,,,,,,,,0.300,,,,,0.300,,1.000,,0.300,0.600,0.600,0.600,1.000,0.300,,,0.300,,0.600,,1.000,,,,,,,,,,,,,,,,,,,,,,,,,,,,,,,,,,,,,,,,,,,,,,,,,,,,,,,,,
2021-01-18,100.000,,,,,,,,,,,,,,,,,,,,0.300,,,,,,,,,,0.300,,,,,0.300,,1.000,,0.300,0.600,0.600,0.600,1.000,0.300,,,0.300,,0.600,,1.000,,,,,,,,,,,,,,,,,,,,,,,,,,,,,,,,,,,,,,,,,,,,,,,,,,,,,,,,,
2021-01-19,100.000,,,,,1.000,,,,,,0.300,,,,,,,,,0.300,,,,,,,1.000,,,0.300,0.600,,,,0.300,,1.000,,0.300,0.600,0.600,0.600,1.000,0.300,,1.000,0.300,,1.000,,1.000,,0.300,,,1.000,,,,,,,,,,,,,,,,,,,,,,,,,,,,,,,,,,,,,,,,,,,,,,,,,,,,
2021-01-20,100.000,,,,,1.000,,,,,,0.300,,,,,,,,,0.300,,,,,,,1.000,,,0.300,0.600,,,,0.300,,1.000,,0.300,0.600,0.600,0.600,1.000,0.300,,1.000,0.300,,1.000,,1.000,,0.300,,,1.000,,,,,,,,,,,,,,,,,,,,,,,,,,,,,,,,,,,,,,,,,,,,,,,,,,,,
2021-01-21,100.000,,,,,1.000,,,,,,0.300,,,,,,,,,0.300,,,,,,,1.000,,,0.300,0.600,,,,0.300,,1.000,,0.300,0.600,0.600,0.600,1.000,0.300,,1.000,0.300,,1.000,,1.000,,0.300,,,1.000,,,,,,,,,,,,,,,,,,,,,,,,,,,,,,,,,,,,,,,,,,,,,,,,,,,,
2021-01-22,100.000,,,,,1.000,,,,,,0.300,,,,,,,,,0.300,,,,,,,1.000,,,0.300,0.600,,,,0.300,,1.000,,0.300,0.600,0.600,0.600,1.000,0.300,,1.000,0.300,,1.000,,1.000,,0.300,,,1.000,,,,,,,,,,,,,,,,,,,,,,,,,,,,,,,,,,,,,,,,,,,,,,,,,,,,
2021-01-23,100.000,,,,,1.000,,,,,,0.300,,,,,,,,,0.300,,,,,,,1.000,,,0.300,0.600,,,,0.300,,1.000,,0.300,0.600,0.600,0.600,1.000,0.300,,1.000,0.300,,1.000,,1.000,,0.300,,,1.000,,,,,,,,,,,,,,,,,,,,,,,,,,,,,,,,,,,,,,,,,,,,,,,,,,,,
2021-01-24,100.000,,,,,1.000,,,,,,0.300,,,,,,,,,0.300,,,,,,,1.000,,,0.300,0.600,,,,0.300,,1.000,,0.300,0.600,0.600,0.600,1.000,0.300,,1.000,0.300,,1.000,,1.000,,0.300,,,1.000,,,,,,,,,,,,,,,,,,,,,,,,,,,,,,,,,,,,,,,,,,,,,,,,,,,,
2021-01-25,100.000,,,,,1.000,,,,,,0.300,,,,,,,,,0.300,,,,,,,1.000,,,0.300,0.600,,,,0.300,,1.000,,0.300,0.600,0.600,0.600,1.000,0.300,,1.000,0.300,,1.000,,1.000,,0.300,,,1.000,,,,,,,,,,,,,,,,,,,,,,,,,,,,,,,,,,,,,,,,,,,,,,,,,,,,
2021-01-26,100.000,,,1.000,1.000,1.000,,0.600,,0.300,,0.300,,0.300,,1.000,1.000,,,,0.300,,,,,,,1.000,1.000,,,0.600,,1.000,,0.300,,1.000,,0.300,0.600,0.600,0.600,1.000,0.300,,1.000,0.300,0.600,1.000,,1.000,,0.300,,,1.000,,,,,,,,,,,,,,,,,,,,,,,,,,,,,,,,,,,,,,,,,,,,,,,,,,,,
2021-01-27,100.000,,,1.000,1.000,1.000,,0.600,,0.300,,0.300,,0.300,,1.000,1.000,,,,0.300,,,,,,,1.000,1.000,,,0.600,,1.000,,0.300,,1.000,,0.300,0.600,0.600,0.600,1.000,0.300,,1.000,0.300,0.600,1.000,,1.000,,0.300,,,1.000,,,,,,,,,,,,,,,,,,,,,,,,,,,,,,,,,,,,,,,,,,,,,,,,,,,,
2021-01-28,100.000,,,1.000,1.000,1.000,,0.600,,0.300,,0.300,,0.300,,1.000,1.000,,,,0.300,,,,,,,1.000,1.000,,,0.600,,1.000,,0.300,,1.000,,0.300,0.600,0.600,0.600,1.000,0.300,,1.000,0.300,0.600,1.000,,1.000,,0.300,,,1.000,,,,,,,,,,,,,,,,,,,,,,,,,,,,,,,,,,,,,,,,,,,,,,,,,,,,
2021-01-29,100.000,,,1.000,1.000,1.000,,0.600,,0.300,,0.300,,0.300,,1.000,1.000,,,,0.300,,,,,,,1.000,1.000,,,0.600,,1.000,,0.300,,1.000,,0.300,0.600,0.600,0.600,1.000,0.300,,1.000,0.300,0.600,1.000,,1.000,,0.300,,,1.000,,,,,,,,,,,,,,,,,,,,,,,,,,,,,,,,,,,,,,,,,,,,,,,,,,,,
2021-01-30,100.000,,,1.000,1.000,1.000,,0.600,,0.300,,0.300,,0.300,,1.000,1.000,,,,0.300,,,,,,,1.000,1.000,,,0.600,,1.000,,0.300,,1.000,,0.300,0.600,0.600,0.600,1.000,0.300,,1.000,0.300,0.600,1.000,,1.000,,0.300,,,1.000,,,,,,,,,,,,,,,,,,,,,,,,,,,,,,,,,,,,,,,,,,,,,,,,,,,,
2021-01-31,100.000,,,1.000,1.000,1.000,,0.600,,0.300,,0.300,,0.300,,1.000,1.000,,,,0.300,,,,,,,1.000,1.000,,,0.600,,1.000,,0.300,,1.000,,0.300,0.600,0.600,0.600,1.000,0.300,,1.000,0.300,0.600,1.000,,1.000,,0.300,,,1.000,,,,,,,,,,,,,,,,,,,,,,,,,,,,,,,,,,,,,,,,,,,,,,,,,,,,
2021-02-01,100.000,,,1.000,1.000,1.000,,0.600,,0.300,,0.300,,0.300,,1.000,1.000,,,,0.300,,,,,,,1.000,1.000,,,0.600,,1.000,,0.300,,1.000,,0.300,0.600,0.600,0.600,1.000,0.300,,1.000,0.300,0.600,1.000,,1.000,,0.300,,,1.000,,,,,,,,,,,,,,,,,,,,,,,,,,,,,,,,,,,,,,,,,,,,,,,,,,,,
2021-02-02,100.000,,,1.000,1.000,1.000,,0.600,,0.300,,0.300,,0.300,,1.000,1.000,,,,0.300,,,,,,,1.000,1.000,,,0.600,,1.000,,0.300,,1.000,,0.300,0.600,0.600,0.600,1.000,0.300,,1.000,0.300,0.600,1.000,,1.000,,0.300,,,1.000,,,,,,,,,,,,,,,,,,,,,,,,,,,,,,,,,,,,,,,,,,,,,,,,,,,,
2021-02-03,100.000,,,1.000,1.000,1.000,,0.600,,0.300,,0.300,1.000,0.300,,1.000,1.000,1.000,,,0.300,,,,,,1.000,1.000,1.000,,,0.600,,1.000,,0.300,,1.000,,0.300,0.600,0.600,0.600,1.000,0.300,1.000,1.000,0.300,0.600,1.000,,1.000,,0.300,,,1.000,,,,,,,,,,,,,,,,,,,,,,,,,,,,,,,,,,,,,,,,,,,,,,,,,,,,
2021-02-04,100.000,,,1.000,1.000,1.000,,0.600,,0.300,,0.300,1.000,0.300,,1.000,1.000,1.000,,,0.300,,,,,,1.000,1.000,1.000,,,0.600,,1.000,,0.300,,1.000,,0.300,0.600,0.600,0.600,1.000,0.300,1.000,1.000,0.300,0.600,1.000,,1.000,,0.300,,,1.000,,,,,,,,,,,,,,,,,,,,,,,,,,,,,,,,,,,,,,,,,,,,,,,,,,,,
2021-02-05,100.000,,,1.000,1.000,1.000,,0.600,,0.300,,0.300,1.000,0.300,,1.000,1.000,1.000,,,0.300,,,,,,1.000,1.000,1.000,,,0.600,,1.000,,0.300,,1.000,,0.300,0.600,0.600,0.600,1.000,0.300,1.000,1.000,0.300,0.600,1.000,,1.000,,0.300,,,1.000,,,,,,,,,,,,,,,,,,,,,,,,,,,,,,,,,,,,,,,,,,,,,,,,,,,,
2021-02-06,100.000,,,1.000,1.000,1.000,,0.600,,0.300,,0.300,1.000,0.300,,1.000,1.000,1.000,,,0.300,,,,,,1.000,1.000,1.000,,,0.600,,1.000,,0.300,,1.000,,0.300,0.600,0.600,0.600,1.000,0.300,1.000,1.000,0.300,0.600,1.000,,1.000,,0.300,,,1.000,,,,,,,,,,,,,,,,,,,,,,,,,,,,,,,,,,,,,,,,,,,,,,,,,,,,
2021-02-07,100.000,,,1.000,1.000,1.000,,0.600,,0.300,,0.300,1.000,0.300,,1.000,1.000,1.000,,,0.300,,,,,,1.000,1.000,1.000,,,0.600,,1.000,,0.300,,1.000,,0.300,0.600,0.600,0.600,1.000,0.300,1.000,1.000,0.300,0.600,1.000,,1.000,,0.300,,,1.000,,,,,,,,,,,,,,,,,,,,,,,,,,,,,,,,,,,,,,,,,,,,,,,,,,,,
2021-02-08,100.000,,,1.000,1.000,1.000,,0.600,,0.300,,0.300,1.000,0.300,,1.000,1.000,1.000,,,0.300,,,,,,1.000,1.000,1.000,,,0.600,,1.000,,0.300,,1.000,,0.300,0.600,0.600,0.600,1.000,0.300,1.000,1.000,0.300,0.600,1.000,,1.000,,0.300,,,1.000,,,,,,,,,,,,,,,,,,,,,,,,,,,,,,,,,,,,,,,,,,,,,,,,,,,,
2021-02-09,100.000,,,1.000,1.000,1.000,,0.600,,0.300,,0.300,1.000,0.300,,1.000,1.000,1.000,,,0.300,,,,,,1.000,1.000,1.000,,,0.600,,1.000,,0.300,,1.000,,0.300,0.600,0.600,0.600,1.000,0.300,1.000,1.000,0.300,0.600,1.000,,1.000,,0.300,,,1.000,,,,,,,,,,,,,,,,,,,,,,,,,,,,,,,,,,,,,,,,,,,,,,,,,,,,
2021-02-10,100.000,,,1.000,1.000,1.000,,0.600,,0.300,,0.300,1.000,0.300,,1.000,1.000,1.000,,,0.300,,,,,,1.000,1.000,1.000,,,0.600,,1.000,,0.300,,1.000,,0.300,0.600,0.600,0.600,1.000,0.300,1.000,1.000,0.300,0.600,1.000,,1.000,,0.300,,,1.000,,,,,,,,,,,,,,,,,,,,,,,,,,,,,,,,,,,,,,,,,,,,,,,,,,,,
2021-02-11,100.000,,,1.000,1.000,1.000,,0.600,,0.300,,0.300,1.000,0.300,,1.000,1.000,1.000,,,0.300,,,,,,1.000,1.000,1.000,,,0.600,,1.000,,0.300,,1.000,,0.300,0.600,0.600,0.600,1.000,0.300,1.000,1.000,0.300,0.600,1.000,,1.000,,0.300,,,1.000,,,,,,,,,,,,,,,,,,,,,,,,,,,,,,,,,,,,,,,,,,,,,,,,,,,,
2021-02-12,100.000,,,1.000,1.000,1.000,,0.600,,0.300,,0.300,1.000,0.300,,1.000,1.000,1.000,,,0.300,,,,,,1.000,1.000,1.000,,,0.600,,1.000,,0.300,,1.000,,0.300,0.600,0.600,0.600,1.000,0.300,1.000,1.000,0.300,0.600,1.000,,1.000,,0.300,,,1.000,,,,,,,,,,,,,,,,,,,,,,,,,,,,,,,,,,,,,,,,,,,,,,,,,,,,
2021-02-13,100.000,,,1.000,1.000,1.000,,0.600,,0.300,,0.300,1.000,0.300,,1.000,1.000,1.000,,,0.300,,,,,,1.000,1.000,1.000,,,0.600,,1.000,,0.300,,1.000,,0.300,0.600,0.600,0.600,1.000,0.300,1.000,1.000,0.300,0.600,1.000,,1.000,,0.300,,,1.000,,,,,,,,,,,,,,,,,,,,,,,,,,,,,,,,,,,,,,,,,,,,,,,,,,,,
2021-02-14,100.000,,,1.000,1.000,1.000,,0.600,,0.300,,0.300,1.000,0.300,,1.000,1.000,1.000,,,0.300,,,,,,1.000,1.000,1.000,,,0.600,,1.000,,0.300,,1.000,,0.300,0.600,0.600,0.600,1.000,0.300,1.000,1.000,0.300,0.600,1.000,,1.000,,0.300,,,1.000,,,,,,,,,,,,,,,,,,,,,,,,,,,,,,,,,,,,,,,,,,,,,,,,,,,,
2021-02-15,100.000,,,1.000,1.000,1.000,,0.600,,0.300,,0.300,1.000,0.300,,1.000,1.000,1.000,,,0.300,,,,,,1.000,1.000,1.000,,,0.600,,1.000,,0.300,,1.000,,0.300,0.600,0.600,0.600,1.000,0.300,1.000,1.000,0.300,0.600,1.000,,1.000,,0.300,,,1.000,,,,,,,,,,,,,,,,,,,,,,,,,,,,,,,,,,,,,,,,,,,,,,,,,,,,
2021-02-16,100.000,,,1.000,1.000,1.000,,0.600,,0.300,,0.300,1.000,0.300,,1.000,1.000,1.000,,,0.300,,,,,,1.000,1.000,1.000,,,0.600,,1.000,,0.300,,1.000,,0.300,0.600,0.600,0.600,1.000,0.300,1.000,1.000,0.300,0.600,1.000,,1.000,,0.300,,,1.000,,,,,,,,,,,,,,,,,,,,,,,,,,,,,,,,,,,,,,,,,,,,,,,,,,,,
2021-02-17,100.000,,,1.000,1.000,1.000,,0.600,,0.300,,0.300,1.000,0.300,,1.000,1.000,1.000,,,0.300,,,,,,1.000,1.000,1.000,,,0.600,,1.000,,0.300,,1.000,,0.300,0.600,0.600,0.600,1.000,0.300,1.000,1.000,0.300,0.600,1.000,,1.000,,0.300,,,1.000,,,,,,,,,,,,,,,,,,,,,,,,,,,,,,,,,,,,,,,,,,,,,,,,,,,,
2021-02-18,100.000,,,1.000,1.000,1.000,,0.600,,0.300,,0.300,1.000,0.300,,1.000,1.000,1.000,,,0.300,,,,,,1.000,1.000,1.000,,,0.600,,1.000,,0.300,,1.000,,0.300,0.600,0.600,0.600,1.000,0.300,1.000,1.000,0.300,0.600,1.000,,1.000,,0.300,,,1.000,,,,,,,,,,,,,,,,,,,,,,,,,,,,,,,,,,,,,,,,,,,,,,,,,,,,
2021-02-19,100.000,,,1.000,1.000,1.000,,0.600,,0.300,,0.300,1.000,0.300,,1.000,1.000,1.000,,,0.300,,,,,,1.000,1.000,1.000,,,0.600,,1.000,,0.300,,1.000,,0.300,0.600,0.600,0.600,1.000,0.300,1.000,1.000,0.300,0.600,1.000,,1.000,,0.300,,,1.000,,,,,,,,,,,,,,,,,,,,,,,,,,,,,,,,,,,,,,,,,,,,,,,,,,,,
2021-02-20,100.000,,,1.000,1.000,1.000,,0.600,,0.300,,0.300,1.000,0.300,,1.000,1.000,1.000,,,0.300,,,,,,1.000,1.000,1.000,,,0.600,,1.000,,0.300,,1.000,,0.300,0.600,0.600,0.600,1.000,0.300,1.000,1.000,0.300,0.600,1.000,,1.000,,0.300,,,1.000,,,,,,,,,,,,,,,,,,,,,,,,,,,,,,,,,,,,,,,,,,,,,,,,,,,,
2021-02-21,100.000,,,1.000,1.000,1.000,,0.600,,0.300,,0.300,1.000,0.300,,1.000,1.000,1.000,,,0.300,,,,,,1.000,1.000,1.000,,,0.600,,1.000,,0.300,,1.000,,0.300,0.600,0.600,0.600,1.000,0.300,1.000,1.000,0.300,0.600,1.000,,1.000,,0.300,,,1.000,,,,,,,,,,,,,,,,,,,,,,,,,,,,,,,,,,,,,,,,,,,,,,,,,,,,
2021-02-22,100.000,,,1.000,1.000,1.000,,0.600,,0.300,,0.300,1.000,0.300,,1.000,1.000,1.000,,,0.300,,,,,,1.000,1.000,1.000,,,0.600,,1.000,,0.300,,1.000,,0.300,0.600,0.600,0.600,1.000,0.300,1.000,1.000,0.300,0.600,1.000,,1.000,,0.300,,,1.000,,,,,,,,,,,,,,,,,,,,,,,,,,,,,,,,,,,,,,,,,,,,,,,,,,,,
2021-02-23,100.000,,,1.000,1.000,1.000,,0.600,,0.300,,0.300,1.000,,,1.000,1.000,1.000,,,0.300,,,,,,1.000,1.000,1.000,,,0.600,,,0.600,0.300,,1.000,,0.300,0.600,0.600,0.600,1.000,0.300,1.000,1.000,0.300,0.600,1.000,,1.000,,0.300,1.000,,1.000,,,,,,,,,,,,,,,,,,,,,,,,,,,,,,,,,,,,,,,,,,,,,,,,,,,,
2021-02-24,100.000,,,1.000,1.000,1.000,,0.600,,0.300,,0.300,1.000,,,1.000,1.000,1.000,,,0.300,,,,,,1.000,1.000,1.000,,,0.600,,,0.600,0.300,,1.000,,0.300,0.600,0.600,0.600,1.000,0.300,1.000,1.000,0.300,0.600,1.000,,1.000,,0.300,1.000,,1.000,,,,,,,,,,,,,,,,,,,,,,,,,,,,,,,,,,,,,,,,,,,,,,,,,,,,
2021-02-25,100.000,,,1.000,1.000,,,0.600,,0.300,,0.300,1.000,,,1.000,1.000,1.000,,,0.300,,,,,,1.000,,1.000,,,0.600,,,0.600,0.300,,1.000,,0.300,0.600,0.600,0.600,1.000,0.300,1.000,,0.300,0.600,1.000,,1.000,,,1.000,,,,,,,,,,,,,,,,,,,,,,,,,,,,,,,,,,,,,,,,,,,,,,,,,,,,,,
2021-02-26,100.000,,,1.000,1.000,,,0.600,,0.300,,0.300,1.000,,,1.000,1.000,1.000,,,0.300,,,,,,1.000,,1.000,,,0.600,,,0.600,,,1.000,,0.300,0.600,0.600,0.600,1.000,0.300,1.000,,0.300,0.600,0.600,,1.000,,,1.000,,,,,,,,,,,,,,,,,,,,,,,,,,,,,,,,,,,,,,,,,,,,,,,,,,,,,,
2021-02-27,100.000,,,1.000,1.000,,,0.600,,0.300,,0.300,1.000,,,1.000,1.000,1.000,,,0.300,,,,,,1.000,,1.000,,,0.600,,,0.600,,,1.000,,0.300,0.600,0.600,0.600,1.000,0.300,1.000,,0.300,0.600,0.600,,1.000,,,1.000,,,,,,,,,,,,,,,,,,,,,,,,,,,,,,,,,,,,,,,,,,,,,,,,,,,,,,
2021-02-28,100.000,,,1.000,1.000,,,0.600,,0.300,,0.300,1.000,,,1.000,1.000,1.000,,,0.300,,,,,,1.000,,1.000,,,0.600,,,0.600,,,1.000,,0.300,0.600,0.600,0.600,1.000,0.300,1.000,,0.300,0.600,0.600,,1.000,,,1.000,,,,,,,,,,,,,,,,,,,,,,,,,,,,,,,,,,,,,,,,,,,,,,,,,,,,,,
2021-03-01,100.000,,,1.000,1.000,,,0.600,,0.300,,0.300,1.000,,,1.000,1.000,1.000,,,0.300,,,,,,1.000,,1.000,,,0.600,,,0.600,,,1.000,,0.300,0.600,0.600,0.600,1.000,0.300,1.000,,0.300,0.600,0.600,,1.000,,,1.000,,,,,,,,,,,,,,,,,,,,,,,,,,,,,,,,,,,,,,,,,,,,,,,,,,,,,,
2021-03-02,100.000,,,1.000,1.000,,,0.600,,0.300,,0.300,1.000,,,1.000,1.000,1.000,,,0.300,,,,,,1.000,,1.000,,,0.600,,,0.600,,,1.000,,0.300,0.600,0.600,0.600,1.000,0.300,1.000,,0.300,0.600,0.600,,1.000,,,1.000,,,,,,,,,,,,,,,,,,,,,,,,,,,,,,,,,,,,,,,,,,,,,,,,,,,,,,
2021-03-03,100.000,,,1.000,1.000,,,0.600,,0.300,,0.300,1.000,,,1.000,1.000,1.000,,,0.300,,,,,,1.000,,1.000,,,0.600,,,0.600,,,1.000,,0.300,0.600,0.600,0.600,1.000,0.300,1.000,,0.300,0.600,0.600,,1.000,,,1.000,,,,,,,,,,,,,,,,,,,,,,,,,,,,,,,,,,,,,,,,,,,,,,,,,,,,,,
2021-03-04,100.000,,,1.000,1.000,,,0.600,,0.300,,0.300,1.000,,,1.000,1.000,1.000,,,0.300,,,,,,1.000,,1.000,,,0.600,,,0.600,,,1.000,,0.300,0.600,0.600,0.600,1.000,0.300,1.000,,0.300,0.600,0.600,,1.000,,,1.000,,,,,,,,,,,,,,,,,,,,,,,,,,,,,,,,,,,,,,,,,,,,,,,,,,,,,,
2021-03-05,100.000,,,1.000,1.000,,,0.600,,0.300,,0.300,1.000,,,1.000,1.000,1.000,,,0.300,,,,,,1.000,,1.000,,,0.600,,,0.600,,,1.000,,0.300,0.600,0.600,0.600,1.000,0.300,1.000,,0.300,0.600,0.600,,1.000,,,1.000,,,,,,,,,,,,,,,,,,,,,,,,,,,,,,,,,,,,,,,,,,,,,,,,,,,,,,
2021-03-06,100.000,,,1.000,1.000,,,0.600,,0.300,,0.300,1.000,,,1.000,1.000,1.000,,,0.300,,,,,,1.000,,1.000,,,0.600,,,0.600,,,1.000,,0.300,0.600,0.600,0.600,1.000,0.300,1.000,,0.300,0.600,0.600,,1.000,,,1.000,,,,,,,,,,,,,,,,,,,,,,,,,,,,,,,,,,,,,,,,,,,,,,,,,,,,,,
2021-03-07,100.000,,,1.000,1.000,,,0.600,,0.300,,0.300,1.000,,,1.000,1.000,1.000,,,0.300,,,,,,1.000,,1.000,,,0.600,,,0.600,,,1.000,,0.300,0.600,0.600,0.600,1.000,0.300,1.000,,0.300,0.600,0.600,,1.000,,,1.000,,,,,,,,,,,,,,,,,,,,,,,,,,,,,,,,,,,,,,,,,,,,,,,,,,,,,,
2021-03-08,100.000,,,1.000,1.000,,,0.600,,0.300,,0.300,1.000,,,1.000,1.000,1.000,,,0.300,,,,,,1.000,,1.000,,,0.600,,,0.600,,,1.000,,0.300,0.600,0.600,0.600,1.000,0.300,1.000,,0.300,0.600,0.600,,1.000,,,1.000,,,,,,,,,,,,,,,,,,,,,,,,,,,,,,,,,,,,,,,,,,,,,,,,,,,,,,
2021-03-09,100.000,,,1.000,1.000,,,0.600,,0.300,,0.300,1.000,,,1.000,1.000,1.000,,,0.300,,,,,,1.000,,1.000,,,0.600,,,0.600,,,1.000,,0.300,0.600,0.600,0.600,1.000,0.300,1.000,,0.300,0.600,0.600,,1.000,,,1.000,,,,,,,,,,,,,,,,,,,,,,,,,,,,,,,,,,,,,,,,,,,,,,,,,,,,,,
2021-03-10,100.000,,,1.000,1.000,,,0.600,,0.300,,0.300,1.000,,,1.000,1.000,1.000,,,0.300,,,,,,1.000,,1.000,,,0.600,,,0.600,,,1.000,,0.300,0.600,0.600,0.600,1.000,0.300,1.000,,0.300,0.600,0.600,,1.000,,,1.000,,,,,,,,,,,,,,,,,,,,,,,,,,,,,,,,,,,,,,,,,,,,,,,,,,,,,,
2021-03-11,100.000,,,1.000,1.000,,,0.600,,0.300,,0.300,1.000,,,1.000,1.000,1.000,,,0.300,,,,,,1.000,,1.000,,,0.600,,,0.600,,,1.000,,0.300,0.600,0.600,0.600,1.000,0.300,1.000,,0.300,0.600,0.600,,1.000,,,1.000,,,,,,,,,,,,,,,,,,,,,,,,,,,,,,,,,,,,,,,,,,,,,,,,,,,,,,
2021-03-12,100.000,,,1.000,1.000,,,0.600,,0.300,,0.300,1.000,,,1.000,1.000,1.000,,,0.300,,,,,,1.000,,1.000,,,0.600,,,0.600,,,1.000,,0.300,0.600,0.600,0.600,1.000,0.300,1.000,,0.300,0.600,0.600,,1.000,,,1.000,,,,,,,,,,,,,,,,,,,,,,,,,,,,,,,,,,,,,,,,,,,,,,,,,,,,,,
2021-03-13,100.000,,,1.000,1.000,,,0.600,,0.300,,0.300,1.000,,,1.000,1.000,1.000,,,0.300,,,,,,1.000,,1.000,,,0.600,,,0.600,,,1.000,,0.300,0.600,0.600,0.600,1.000,0.300,1.000,,0.300,0.600,0.600,,1.000,,,1.000,,,,,,,,,,,,,,,,,,,,,,,,,,,,,,,,,,,,,,,,,,,,,,,,,,,,,,
2021-03-14,100.000,,,1.000,1.000,,,0.600,,0.300,,0.300,1.000,,,1.000,1.000,1.000,,,0.300,,,,,,1.000,,1.000,,,0.600,,,0.600,,,1.000,,0.300,0.600,0.600,0.600,1.000,0.300,1.000,,0.300,0.600,0.600,,1.000,,,1.000,,,,,,,,,,,,,,,,,,,,,,,,,,,,,,,,,,,,,,,,,,,,,,,,,,,,,,
2021-03-15,100.000,,,1.000,1.000,,,0.600,,0.300,,0.300,1.000,,,1.000,1.000,1.000,,,0.300,,,,,,1.000,,1.000,,,0.600,,,0.600,,,1.000,,0.300,0.600,0.600,0.600,1.000,0.300,1.000,,0.300,0.600,0.600,,1.000,,,1.000,,,,,,,,,,,,,,,,,,,,,,,,,,,,,,,,,,,,,,,,,,,,,,,,,,,,,,
2021-03-16,100.000,,,1.000,1.000,,,0.600,,0.300,,0.300,,,,1.000,1.000,,,,0.300,,,,,,,,1.000,,,0.600,,,0.600,,,1.000,,0.300,0.600,0.600,0.600,1.000,0.300,,,0.300,0.600,0.600,,1.000,,,1.000,,,,,,,,,,,,,,,,,,,,,,,,,,,,,,,,,,,,,,,,,,,,,,,,,,,,,,
2021-03-17,100.000,,,1.000,1.000,,,0.600,,0.300,,0.300,,,,1.000,1.000,,,,0.300,,,,,,,,1.000,,,0.600,,,0.600,,,1.000,,0.300,0.600,0.600,0.600,1.000,0.300,,,0.300,0.600,0.600,,1.000,,,1.000,,,,,,,,,,,,,,,,,,,,,,,,,,,,,,,,,,,,,,,,,,,,,,,,,,,,,,
2021-03-18,100.000,,,1.000,1.000,,,0.600,,0.300,,0.300,,,,1.000,1.000,,,,0.300,,,,,,,,1.000,,,0.600,,,0.600,,,1.000,,0.300,0.600,0.600,0.600,1.000,0.300,,,0.300,0.600,0.600,,1.000,,,1.000,,,,,,,,,,,,,,,,,,,,,,,,,,,,,,,,,,,,,,,,,,,,,,,,,,,,,,
2021-03-19,100.000,,,1.000,1.000,,,0.600,,0.300,,0.300,,,,1.000,1.000,,,,0.300,,,,,,,,1.000,,,0.600,,,0.600,,,1.000,,0.300,0.600,0.600,0.600,1.000,0.300,,,0.300,0.600,0.600,,1.000,,,1.000,,,,,,,,,,,,,,,,,,,,,,,,,,,,,,,,,,,,,,,,,,,,,,,,,,,,,,
2021-03-20,100.000,,,1.000,1.000,,,0.600,,0.300,,0.300,,,,1.000,1.000,,,,0.300,,,,,,,,1.000,,,0.600,,,0.600,,,1.000,,0.300,0.600,0.600,0.600,1.000,0.300,,,0.300,0.600,0.600,,1.000,,,1.000,,,,,,,,,,,,,,,,,,,,,,,,,,,,,,,,,,,,,,,,,,,,,,,,,,,,,,
2021-03-21,100.000,,,1.000,1.000,,,0.600,,0.300,,0.300,,,,1.000,1.000,,,,0.300,,,,,,,,1.000,,,0.600,,,0.600,,,1.000,,0.300,0.600,0.600,0.600,1.000,0.300,,,0.300,0.600,0.600,,1.000,,,1.000,,,,,,,,,,,,,,,,,,,,,,,,,,,,,,,,,,,,,,,,,,,,,,,,,,,,,,
2021-03-22,100.000,,,1.000,1.000,,,0.600,,0.300,,0.300,,,,1.000,1.000,,,,0.300,,,,,,,,1.000,,,0.600,,,0.600,,,1.000,,0.300,0.600,0.600,0.600,1.000,0.300,,,0.300,0.600,0.600,,1.000,,,1.000,,,,,,,,,,,,,,,,,,,,,,,,,,,,,,,,,,,,,,,,,,,,,,,,,,,,,,
2021-03-23,100.000,,,,,,,,,,,,,,,,,,,,0.300,,,,,,,,,,,,,,,,,1.000,,0.300,0.600,0.600,0.600,,0.300,,,0.300,,0.600,,1.000,,,,,,,,,,,,,,,,,,,,,,,,,,,,,,,,,,,,,,,,,,,,,,,,,,,,,,,,,
2021-03-24,100.000,,,,,,,,,,,,,,,,,,,,0.300,,,,,,,,,,,,,,,,,1.000,,0.300,0.600,0.600,0.600,,0.300,,,0.300,,0.600,,1.000,,,,,,,,,,,,,,,,,,,,,,,,,,,,,,,,,,,,,,,,,,,,,,,,,,,,,,,,,
2021-03-25,100.000,,,,,,,,,,,,,,,,,,,,0.300,,,,,,,,,,,,,,,,,1.000,,0.300,0.600,0.600,0.600,,0.300,,,0.300,,0.600,,1.000,,,,,,,,,,,,,,,,,,,,,,,,,,,,,,,,,,,,,,,,,,,,,,,,,,,,,,,,,
2021-03-26,100.000,,,,,,,,,,,,,,,,,,,,0.300,,,,,,,,,,,,,,,,,1.000,,0.300,0.600,0.600,0.600,,0.300,,,0.300,,0.600,,1.000,,,,,,,,,,,,,,,,,,,,,,,,,,,,,,,,,,,,,,,,,,,,,,,,,,,,,,,,,
2021-03-27,100.000,,,,,,,,,,,,,,,,,,,,0.300,,,,,,,,,,,,,,,,,1.000,,0.300,0.600,0.600,0.600,,0.300,,,0.300,,0.600,,1.000,,,,,,,,,,,,,,,,,,,,,,,,,,,,,,,,,,,,,,,,,,,,,,,,,,,,,,,,,
2021-03-28,100.000,,,,,,,,,,,,,,,,,,,,0.300,,,,,,,,,,,,,,,,,1.000,,0.300,0.600,0.600,0.600,,0.300,,,0.300,,0.600,,1.000,,,,,,,,,,,,,,,,,,,,,,,,,,,,,,,,,,,,,,,,,,,,,,,,,,,,,,,,,
2021-03-29,100.000,,,,,,,,,,,,,,,,,,,,0.300,,,,,,,,,,,,,,,,,1.000,,0.300,0.600,0.600,0.600,,0.300,,,0.300,,0.600,,1.000,,,,,,,,,,,,,,,,,,,,,,,,,,,,,,,,,,,,,,,,,,,,,,,,,,,,,,,,,
2021-03-30,100.000,,,,,,,,,,,,,,,,,,,,0.300,,,,,,,,,,,,,,,,,1.000,,0.300,0.600,0.600,0.600,,0.300,,,0.300,,0.600,,1.000,,,,,,,,,,,,,,,,,,,,,,,,,,,,,,,,,,,,,,,,,,,,,,,,,,,,,,,,,
2021-03-31,100.000,,,,,,,,,,,,,,,,,,,,0.300,,,,,,,,,,,,,,,,,1.000,,0.300,0.600,0.600,0.600,,0.300,,,0.300,,0.600,,1.000,,,,,,,,,,,,,,,,,,,,,,,,,,,,,,,,,,,,,,,,,,,,,,,,,,,,,,,,,
2021-04-01,100.000,,,,,,,,,,,,,,,,,,,,0.300,,,,,,,,,,,,,,,,,1.000,,0.300,0.600,0.600,0.600,,0.300,,,0.300,,0.600,,1.000,,,,,,,,,,,,,,,,,,,,,,,,,,,,,,,,,,,,,,,,,,,,,,,,,,,,,,,,,
2021-04-02,100.000,,,,,,,,,,,,,,,,,,,,0.300,,,,,,,,,,,,,,,,,1.000,,0.300,0.600,0.600,0.600,,0.300,,,0.300,,0.600,,1.000,,,,,,,,,,,,,,,,,,,,,,,,,,,,,,,,,,,,,,,,,,,,,,,,,,,,,,,,,
2021-04-03,100.000,,,,,,,,,,,,,,,,,,,,0.300,,,,,,,,,,,,,,,,,1.000,,0.300,0.600,0.600,0.600,,0.300,,,0.300,,0.600,,1.000,,,,,,,,,,,,,,,,,,,,,,,,,,,,,,,,,,,,,,,,,,,,,,,,,,,,,,,,,
2021-04-04,100.000,,,,,,,,,,,,,,,,,,,,0.300,,,,,,,,,,,,,,,,,1.000,,0.300,0.600,0.600,0.600,,0.300,,,0.300,,0.600,,1.000,,,,,,,,,,,,,,,,,,,,,,,,,,,,,,,,,,,,,,,,,,,,,,,,,,,,,,,,,
2021-04-05,100.000,,,,,,,,,,,,,,,,,,,,0.300,,,,,,,,,,,,,,,,,1.000,,0.300,0.600,0.600,0.600,,0.300,,,0.300,,0.600,,1.000,,,,,,,,,,,,,,,,,,,,,,,,,,,,,,,,,,,,,,,,,,,,,,,,,,,,,,,,,
2021-04-06,100.000,,,,,,,,,,,,,,,,,,,,0.300,,,,,,,,,,,,,,,,,1.000,,0.300,0.600,0.600,0.600,,0.300,,,0.300,,0.600,,1.000,,,,,,,,,,,,,,,,,,,,,,,,,,,,,,,,,,,,,,,,,,,,,,,,,,,,,,,,,
2021-04-07,100.000,,,,,,,,,,,,,,,,,,,,0.300,,,,,,,,,,,,,,,,,1.000,,0.300,0.600,0.600,0.600,,0.300,,,0.300,,0.600,,1.000,,,,,,,,,,,,,,,,,,,,,,,,,,,,,,,,,,,,,,,,,,,,,,,,,,,,,,,,,
2021-04-08,100.000,,,,,,,,,,,,,,,,,,,,0.300,,,,,,,,,,,,,,,,,1.000,,0.300,0.600,0.600,0.600,,0.300,,,0.300,,0.600,,1.000,,,,,,,,,,,,,,,,,,,,,,,,,,,,,,,,,,,,,,,,,,,,,,,,,,,,,,,,,
2021-04-09,100.000,,,,,,,,,,,,,,,,,,,,0.300,,,,,,,,,,,,,,,,,1.000,,0.300,0.600,0.600,0.600,,0.300,,,0.300,,0.600,,1.000,,,,,,,,,,,,,,,,,,,,,,,,,,,,,,,,,,,,,,,,,,,,,,,,,,,,,,,,,
2021-04-10,100.000,,,,,,,,,,,,,,,,,,,,0.300,,,,,,,,,,,,,,,,,1.000,,0.300,0.600,0.600,0.600,,0.300,,,0.300,,0.600,,1.000,,,,,,,,,,,,,,,,,,,,,,,,,,,,,,,,,,,,,,,,,,,,,,,,,,,,,,,,,
2021-04-11,100.000,,,,,,,,,,,,,,,,,,,,0.300,,,,,,,,,,,,,,,,,1.000,,0.300,0.600,0.600,0.600,,0.300,,,0.300,,0.600,,1.000,,,,,,,,,,,,,,,,,,,,,,,,,,,,,,,,,,,,,,,,,,,,,,,,,,,,,,,,,
2021-04-12,100.000,,,,,,,,,,,,,,,,,,,,0.300,,,,,,,,,,,,,,,,,1.000,,0.300,0.600,0.600,0.600,,0.300,,,0.300,,0.600,,1.000,,,,,,,,,,,,,,,,,,,,,,,,,,,,,,,,,,,,,,,,,,,,,,,,,,,,,,,,,
2021-04-13,100.000,,,,,,,,,,,,,,,,,,,,0.300,,,,,,,,,,,,,,,,,1.000,,0.300,0.600,0.600,0.600,,0.300,,,0.300,,0.600,,1.000,,,,,,,,,,,,,,,,,,,,,,,,,,,,,,,,,,,,,,,,,,,,,,,,,,,,,,,,,
2021-04-14,100.000,,,,,,,,,,,,,,,,,,,,0.300,,,,,,,,,,,,,,,,,1.000,,0.300,0.600,0.600,0.600,,0.300,,,0.300,,0.600,,1.000,,,,,,,,,,,,,,,,,,,,,,,,,,,,,,,,,,,,,,,,,,,,,,,,,,,,,,,,,
2021-04-15,100.000,,,,,,,,,,,,,,,,,,,,0.300,,,,,,,,,,,,,,,,,1.000,,0.300,0.600,0.600,0.600,,0.300,,,0.300,,0.600,,1.000,,,,,,,,,,,,,,,,,,,,,,,,,,,,,,,,,,,,,,,,,,,,,,,,,,,,,,,,,
2021-04-16,100.000,,,,,,,,,,,,,,,,,,,,0.300,,,,,,,,,,,,,,,,,1.000,,0.300,0.600,0.600,0.600,,0.300,,,0.300,,0.600,,1.000,,,,,,,,,,,,,,,,,,,,,,,,,,,,,,,,,,,,,,,,,,,,,,,,,,,,,,,,,
2021-04-17,100.000,,,,,,,,,,,,,,,,,,,,0.300,,,,,,,,,,,,,,,,,1.000,,0.300,0.600,0.600,0.600,,0.300,,,0.300,,0.600,,1.000,,,,,,,,,,,,,,,,,,,,,,,,,,,,,,,,,,,,,,,,,,,,,,,,,,,,,,,,,
2021-04-18,100.000,,,,,,,,,,,,,,,,,,,,0.300,,,,,,,,,,,,,,,,,1.000,,0.300,0.600,0.600,0.600,,0.300,,,0.300,,0.600,,1.000,,,,,,,,,,,,,,,,,,,,,,,,,,,,,,,,,,,,,,,,,,,,,,,,,,,,,,,,,
2021-04-19,100.000,,,,,,,,,,,,,,,,,,,,0.300,,,,,,,,,,,,,,,,,1.000,,0.300,0.600,0.600,0.600,,0.300,,,0.300,,0.600,,1.000,,,,,,,,,,,,,,,,,,,,,,,,,,,,,,,,,,,,,,,,,,,,,,,,,,,,,,,,,
2021-04-20,100.000,,,,,,,,,,,,,,,,,,,,0.300,,,,,,,,,,,,,,,,,1.000,,0.300,0.600,0.600,0.600,,0.300,,,0.300,,0.600,,1.000,,,,,,,,,,,,,,,,,,,,,,,,,,,,,,,,,,,,,,,,,,,,,,,,,,,,,,,,,
2021-04-21,100.000,,,,,,,,,,,,,,,,,,,,0.300,,,,,,,,,,,,,,,,,1.000,,0.300,0.600,0.600,0.600,,0.300,,,0.300,,0.600,,1.000,,,,,,,,,,,,,,,,,,,,,,,,,,,,,,,,,,,,,,,,,,,,,,,,,,,,,,,,,
2021-04-22,100.000,,,,,,,,,,,,,,,,,,,,0.300,,,,,,,,,,,,,,,,,1.000,,0.300,0.600,0.600,0.600,,0.300,,,0.300,,0.600,,1.000,,,,,,,,,,,,,,,,,,,,,,,,,,,,,,,,,,,,,,,,,,,,,,,,,,,,,,,,,
2021-04-23,100.000,,,,,,,,,,,,,,,,,,,,0.300,,,,,,,,,,,,,,,,,1.000,,0.300,0.600,0.600,0.600,,0.300,,,0.300,,0.600,,1.000,,,,,,,,,,,,,,,,,,,,,,,,,,,,,,,,,,,,,,,,,,,,,,,,,,,,,,,,,
2021-04-24,100.000,,,,,,,,,,,,,,,,,,,,0.300,,,,,,,,,,,,,,,,,1.000,,0.300,0.600,0.600,0.600,,0.300,,,0.300,,0.600,,1.000,,,,,,,,,,,,,,,,,,,,,,,,,,,,,,,,,,,,,,,,,,,,,,,,,,,,,,,,,
2021-04-25,100.000,,,,,,,,,,,,,,,,,,,,0.300,,,,,,,,,,,,,,,,,1.000,,0.300,0.600,0.600,0.600,,0.300,,,0.300,,0.600,,1.000,,,,,,,,,,,,,,,,,,,,,,,,,,,,,,,,,,,,,,,,,,,,,,,,,,,,,,,,,
2021-04-26,100.000,,,,,,,,,,,,,,,,,,,,0.300,,,,,,,,,,,,,,,,,1.000,,0.300,0.600,0.600,0.600,,0.300,,,0.300,,0.600,,1.000,,,,,,,,,,,,,,,,,,,,,,,,,,,,,,,,,,,,,,,,,,,,,,,,,,,,,,,,,
2021-04-27,100.000,,,,,,,,,,,,,,,,,,,,0.300,,,,,,,,,,,,,,,,,1.000,,0.300,0.600,0.600,0.600,,0.300,,,0.300,,0.600,,1.000,,,,,,,,,,,,,,,,,,,,,,,,,,,,,,,,,,,,,,,,,,,,,,,,,,,,,,,,,
